index,filename,block,block_namespace_id,block_details,block_natural_position,biome,biome_namespace_id,weather,dimension,dimension_namespace_id,time_ticks,time_description,version
0,netherrack_000.png,netherrack,minecraft:netherrack,N/A,True,forest,minecraft:forest,clear,overworld,minecraft:overworld,1000,day,1.17.1
1,netherrack_001.png,netherrack,minecraft:netherrack,N/A,True,forest,minecraft:forest,clear,overworld,minecraft:overworld,1000,day,1.17.1
2,netherrack_002.png,netherrack,minecraft:netherrack,N/A,True,forest,minecraft:forest,clear,overworld,minecraft:overworld,1000,day,1.17.1
3,netherrack_003.png,netherrack,minecraft:netherrack,N/A,True,forest,minecraft:forest,clear,overworld,minecraft:overworld,1000,day,1.17.1
4,netherrack_004.png,netherrack,minecraft:netherrack,N/A,True,forest,minecraft:forest,clear,overworld,minecraft:overworld,1000,day,1.17.1
5,netherrack_005.png,netherrack,minecraft:netherrack,N/A,True,forest,minecraft:forest,clear,overworld,minecraft:overworld,1000,day,1.17.1
6,netherrack_006.png,netherrack,minecraft:netherrack,N/A,True,forest,minecraft:forest,clear,overworld,minecraft:overworld,1000,day,1.17.1
7,netherrack_007.png,netherrack,minecraft:netherrack,N/A,True,forest,minecraft:forest,clear,overworld,minecraft:overworld,1000,day,1.17.1
8,netherrack_008.png,netherrack,minecraft:netherrack,N/A,True,forest,minecraft:forest,clear,overworld,minecraft:overworld,1000,day,1.17.1
9,netherrack_009.png,netherrack,minecraft:netherrack,N/A,True,forest,minecraft:forest,clear,overworld,minecraft:overworld,1000,day,1.17.1
10,netherrack_010.png,netherrack,minecraft:netherrack,N/A,True,forest,minecraft:forest,clear,overworld,minecraft:overworld,1000,day,1.17.1
11,netherrack_011.png,netherrack,minecraft:netherrack,N/A,True,forest,minecraft:forest,clear,overworld,minecraft:overworld,1000,day,1.17.1
12,netherrack_012.png,netherrack,minecraft:netherrack,N/A,True,forest,minecraft:forest,clear,overworld,minecraft:overworld,1000,day,1.17.1
13,netherrack_013.png,netherrack,minecraft:netherrack,N/A,True,snowy_taiga,minecraft:snowy_taiga,clear,overworld,minecraft:overworld,1000,day,1.17.1
14,netherrack_014.png,netherrack,minecraft:netherrack,N/A,True,snowy_taiga,minecraft:snowy_taiga,clear,overworld,minecraft:overworld,1000,day,1.17.1
15,netherrack_015.png,netherrack,minecraft:netherrack,N/A,True,snowy_taiga,minecraft:snowy_taiga,clear,overworld,minecraft:overworld,1000,day,1.17.1
16,netherrack_016.png,netherrack,minecraft:netherrack,N/A,True,snowy_taiga,minecraft:snowy_taiga,clear,overworld,minecraft:overworld,1000,day,1.17.1
17,netherrack_017.png,netherrack,minecraft:netherrack,N/A,True,snowy_taiga,minecraft:snowy_taiga,clear,overworld,minecraft:overworld,1000,day,1.17.1
18,netherrack_018.png,netherrack,minecraft:netherrack,N/A,True,snowy_taiga,minecraft:snowy_taiga,clear,overworld,minecraft:overworld,1000,day,1.17.1
19,netherrack_019.png,netherrack,minecraft:netherrack,N/A,True,snowy_taiga,minecraft:snowy_taiga,clear,overworld,minecraft:overworld,1000,day,1.17.1
20,netherrack_020.png,netherrack,minecraft:netherrack,N/A,True,snowy_taiga,minecraft:snowy_taiga,clear,overworld,minecraft:overworld,1000,day,1.17.1
21,netherrack_021.png,netherrack,minecraft:netherrack,N/A,True,snowy_taiga,minecraft:snowy_taiga,clear,overworld,minecraft:overworld,1000,day,1.17.1
22,netherrack_022.png,netherrack,minecraft:netherrack,N/A,True,desert,minecraft:desert,clear,overworld,minecraft:overworld,1000,day,1.17.1
23,netherrack_023.png,netherrack,minecraft:netherrack,N/A,True,desert,minecraft:desert,clear,overworld,minecraft:overworld,1000,day,1.17.1
24,netherrack_024.png,netherrack,minecraft:netherrack,N/A,True,desert,minecraft:desert,clear,overworld,minecraft:overworld,1000,day,1.17.1
25,netherrack_025.png,netherrack,minecraft:netherrack,N/A,True,desert,minecraft:desert,clear,overworld,minecraft:overworld,1000,day,1.17.1
26,netherrack_026.png,netherrack,minecraft:netherrack,N/A,True,desert,minecraft:desert,clear,overworld,minecraft:overworld,1000,day,1.17.1
27,netherrack_027.png,netherrack,minecraft:netherrack,N/A,True,desert,minecraft:desert,clear,overworld,minecraft:overworld,1000,day,1.17.1
28,netherrack_028.png,netherrack,minecraft:netherrack,N/A,True,desert,minecraft:desert,clear,overworld,minecraft:overworld,1000,day,1.17.1
29,netherrack_029.png,netherrack,minecraft:netherrack,N/A,True,warped_forest,minecraft:warped_forest,N/A,the_nether,minecraft:the_nether,N/A,N/A,1.17.1
30,netherrack_030.png,netherrack,minecraft:netherrack,N/A,True,warped_forest,minecraft:warped_forest,N/A,the_nether,minecraft:the_nether,N/A,N/A,1.17.1
31,netherrack_031.png,netherrack,minecraft:netherrack,N/A,True,warped_forest,minecraft:warped_forest,N/A,the_nether,minecraft:the_nether,N/A,N/A,1.17.1
32,netherrack_032.png,netherrack,minecraft:netherrack,N/A,True,warped_forest,minecraft:warped_forest,N/A,the_nether,minecraft:the_nether,N/A,N/A,1.17.1
33,netherrack_033.png,netherrack,minecraft:netherrack,N/A,True,warped_forest,minecraft:warped_forest,N/A,the_nether,minecraft:the_nether,N/A,N/A,1.17.1
34,netherrack_034.png,netherrack,minecraft:netherrack,N/A,True,warped_forest,minecraft:warped_forest,N/A,the_nether,minecraft:the_nether,N/A,N/A,1.17.1
35,netherrack_035.png,netherrack,minecraft:netherrack,N/A,True,warped_forest,minecraft:warped_forest,N/A,the_nether,minecraft:the_nether,N/A,N/A,1.17.1
36,netherrack_036.png,netherrack,minecraft:netherrack,N/A,True,warped_forest,minecraft:warped_forest,N/A,the_nether,minecraft:the_nether,N/A,N/A,1.17.1
37,netherrack_037.png,netherrack,minecraft:netherrack,N/A,True,warped_forest,minecraft:warped_forest,N/A,the_nether,minecraft:the_nether,N/A,N/A,1.17.1
38,netherrack_038.png,netherrack,minecraft:netherrack,N/A,True,warped_forest,minecraft:warped_forest,N/A,the_nether,minecraft:the_nether,N/A,N/A,1.17.1
39,netherrack_039.png,netherrack,minecraft:netherrack,N/A,True,warped_forest,minecraft:warped_forest,N/A,the_nether,minecraft:the_nether,N/A,N/A,1.17.1
40,netherrack_040.png,netherrack,minecraft:netherrack,N/A,True,warped_forest,minecraft:warped_forest,N/A,the_nether,minecraft:the_nether,N/A,N/A,1.17.1
41,netherrack_041.png,netherrack,minecraft:netherrack,N/A,True,warped_forest,minecraft:warped_forest,N/A,the_nether,minecraft:the_nether,N/A,N/A,1.17.1
42,netherrack_042.png,netherrack,minecraft:netherrack,N/A,True,warped_forest,minecraft:warped_forest,N/A,the_nether,minecraft:the_nether,N/A,N/A,1.17.1
43,netherrack_043.png,netherrack,minecraft:netherrack,N/A,True,warped_forest,minecraft:warped_forest,N/A,the_nether,minecraft:the_nether,N/A,N/A,1.17.1
44,netherrack_044.png,netherrack,minecraft:netherrack,N/A,True,warped_forest,minecraft:warped_forest,N/A,the_nether,minecraft:the_nether,N/A,N/A,1.17.1
45,netherrack_045.png,netherrack,minecraft:netherrack,N/A,True,warped_forest,minecraft:warped_forest,N/A,the_nether,minecraft:the_nether,N/A,N/A,1.17.1
46,netherrack_046.png,netherrack,minecraft:netherrack,N/A,True,warped_forest,minecraft:warped_forest,N/A,the_nether,minecraft:the_nether,N/A,N/A,1.17.1
47,netherrack_047.png,netherrack,minecraft:netherrack,N/A,True,warped_forest,minecraft:warped_forest,N/A,the_nether,minecraft:the_nether,N/A,N/A,1.17.1
48,netherrack_048.png,netherrack,minecraft:netherrack,N/A,True,warped_forest,minecraft:warped_forest,N/A,the_nether,minecraft:the_nether,N/A,N/A,1.17.1
49,netherrack_049.png,netherrack,minecraft:netherrack,N/A,True,warped_forest,minecraft:warped_forest,N/A,the_nether,minecraft:the_nether,N/A,N/A,1.17.1
50,netherrack_050.png,netherrack,minecraft:netherrack,N/A,True,warped_forest,minecraft:warped_forest,N/A,the_nether,minecraft:the_nether,N/A,N/A,1.17.1
51,netherrack_051.png,netherrack,minecraft:netherrack,N/A,True,warped_forest,minecraft:warped_forest,N/A,the_nether,minecraft:the_nether,N/A,N/A,1.17.1
52,netherrack_052.png,netherrack,minecraft:netherrack,N/A,True,warped_forest,minecraft:warped_forest,N/A,the_nether,minecraft:the_nether,N/A,N/A,1.17.1
53,netherrack_053.png,netherrack,minecraft:netherrack,N/A,True,crimson_forest,minecraft:crimson_forest,N/A,the_nether,minecraft:the_nether,N/A,N/A,1.17.1
54,netherrack_054.png,netherrack,minecraft:netherrack,N/A,True,crimson_forest,minecraft:crimson_forest,N/A,the_nether,minecraft:the_nether,N/A,N/A,1.17.1
55,netherrack_055.png,netherrack,minecraft:netherrack,N/A,True,crimson_forest,minecraft:crimson_forest,N/A,the_nether,minecraft:the_nether,N/A,N/A,1.17.1
56,netherrack_056.png,netherrack,minecraft:netherrack,N/A,True,crimson_forest,minecraft:crimson_forest,N/A,the_nether,minecraft:the_nether,N/A,N/A,1.17.1
57,netherrack_057.png,netherrack,minecraft:netherrack,N/A,True,crimson_forest,minecraft:crimson_forest,N/A,the_nether,minecraft:the_nether,N/A,N/A,1.17.1
58,netherrack_058.png,netherrack,minecraft:netherrack,N/A,True,crimson_forest,minecraft:crimson_forest,N/A,the_nether,minecraft:the_nether,N/A,N/A,1.17.1
59,netherrack_059.png,netherrack,minecraft:netherrack,N/A,True,crimson_forest,minecraft:crimson_forest,N/A,the_nether,minecraft:the_nether,N/A,N/A,1.17.1
60,netherrack_060.png,netherrack,minecraft:netherrack,N/A,True,crimson_forest,minecraft:crimson_forest,N/A,the_nether,minecraft:the_nether,N/A,N/A,1.17.1
61,netherrack_061.png,netherrack,minecraft:netherrack,N/A,True,crimson_forest,minecraft:crimson_forest,N/A,the_nether,minecraft:the_nether,N/A,N/A,1.17.1
62,netherrack_062.png,netherrack,minecraft:netherrack,N/A,True,crimson_forest,minecraft:crimson_forest,N/A,the_nether,minecraft:the_nether,N/A,N/A,1.17.1
63,netherrack_063.png,netherrack,minecraft:netherrack,N/A,True,crimson_forest,minecraft:crimson_forest,N/A,the_nether,minecraft:the_nether,N/A,N/A,1.17.1
64,netherrack_064.png,netherrack,minecraft:netherrack,N/A,True,nether_wastes,minecraft:nether_wastes,N/A,the_nether,minecraft:the_nether,N/A,N/A,1.17.1
65,netherrack_065.png,netherrack,minecraft:netherrack,N/A,True,nether_wastes,minecraft:nether_wastes,N/A,the_nether,minecraft:the_nether,N/A,N/A,1.17.1
66,netherrack_066.png,netherrack,minecraft:netherrack,N/A,True,nether_wastes,minecraft:nether_wastes,N/A,the_nether,minecraft:the_nether,N/A,N/A,1.17.1
67,netherrack_067.png,netherrack,minecraft:netherrack,N/A,True,nether_wastes,minecraft:nether_wastes,N/A,the_nether,minecraft:the_nether,N/A,N/A,1.17.1
68,netherrack_068.png,netherrack,minecraft:netherrack,N/A,True,nether_wastes,minecraft:nether_wastes,N/A,the_nether,minecraft:the_nether,N/A,N/A,1.17.1
69,netherrack_069.png,netherrack,minecraft:netherrack,N/A,True,nether_wastes,minecraft:nether_wastes,N/A,the_nether,minecraft:the_nether,N/A,N/A,1.17.1
70,netherrack_070.png,netherrack,minecraft:netherrack,N/A,True,nether_wastes,minecraft:nether_wastes,N/A,the_nether,minecraft:the_nether,N/A,N/A,1.17.1
71,netherrack_071.png,netherrack,minecraft:netherrack,N/A,True,nether_wastes,minecraft:nether_wastes,N/A,the_nether,minecraft:the_nether,N/A,N/A,1.17.1
72,netherrack_072.png,netherrack,minecraft:netherrack,N/A,True,nether_wastes,minecraft:nether_wastes,N/A,the_nether,minecraft:the_nether,N/A,N/A,1.17.1
73,netherrack_073.png,netherrack,minecraft:netherrack,N/A,True,nether_wastes,minecraft:nether_wastes,N/A,the_nether,minecraft:the_nether,N/A,N/A,1.17.1
74,netherrack_074.png,netherrack,minecraft:netherrack,N/A,True,nether_wastes,minecraft:nether_wastes,N/A,the_nether,minecraft:the_nether,N/A,N/A,1.17.1
75,netherrack_075.png,netherrack,minecraft:netherrack,N/A,True,nether_wastes,minecraft:nether_wastes,N/A,the_nether,minecraft:the_nether,N/A,N/A,1.17.1
76,netherrack_076.png,netherrack,minecraft:netherrack,N/A,True,nether_wastes,minecraft:nether_wastes,N/A,the_nether,minecraft:the_nether,N/A,N/A,1.17.1
77,netherrack_077.png,netherrack,minecraft:netherrack,N/A,True,nether_wastes,minecraft:nether_wastes,N/A,the_nether,minecraft:the_nether,N/A,N/A,1.17.1
78,netherrack_078.png,netherrack,minecraft:netherrack,N/A,True,nether_wastes,minecraft:nether_wastes,N/A,the_nether,minecraft:the_nether,N/A,N/A,1.17.1
79,netherrack_079.png,netherrack,minecraft:netherrack,N/A,True,nether_wastes,minecraft:nether_wastes,N/A,the_nether,minecraft:the_nether,N/A,N/A,1.17.1
80,netherrack_080.png,netherrack,minecraft:netherrack,N/A,True,nether_wastes,minecraft:nether_wastes,N/A,the_nether,minecraft:the_nether,N/A,N/A,1.17.1
81,netherrack_081.png,netherrack,minecraft:netherrack,N/A,True,nether_wastes,minecraft:nether_wastes,N/A,the_nether,minecraft:the_nether,N/A,N/A,1.17.1
82,netherrack_082.png,netherrack,minecraft:netherrack,N/A,True,nether_wastes,minecraft:nether_wastes,N/A,the_nether,minecraft:the_nether,N/A,N/A,1.17.1
83,netherrack_083.png,netherrack,minecraft:netherrack,N/A,True,nether_wastes,minecraft:nether_wastes,N/A,the_nether,minecraft:the_nether,N/A,N/A,1.17.1
84,netherrack_084.png,netherrack,minecraft:netherrack,N/A,True,nether_wastes,minecraft:nether_wastes,N/A,the_nether,minecraft:the_nether,N/A,N/A,1.17.1
85,netherrack_085.png,netherrack,minecraft:netherrack,N/A,True,nether_wastes,minecraft:nether_wastes,N/A,the_nether,minecraft:the_nether,N/A,N/A,1.17.1
86,netherrack_086.png,netherrack,minecraft:netherrack,N/A,True,nether_wastes,minecraft:nether_wastes,N/A,the_nether,minecraft:the_nether,N/A,N/A,1.17.1
87,netherrack_087.png,netherrack,minecraft:netherrack,N/A,True,nether_wastes,minecraft:nether_wastes,N/A,the_nether,minecraft:the_nether,N/A,N/A,1.17.1
88,netherrack_088.png,netherrack,minecraft:netherrack,N/A,True,nether_wastes,minecraft:nether_wastes,N/A,the_nether,minecraft:the_nether,N/A,N/A,1.17.1
89,netherrack_089.png,netherrack,minecraft:netherrack,N/A,True,nether_wastes,minecraft:nether_wastes,N/A,the_nether,minecraft:the_nether,N/A,N/A,1.17.1
90,netherrack_090.png,netherrack,minecraft:netherrack,N/A,True,nether_wastes,minecraft:nether_wastes,N/A,the_nether,minecraft:the_nether,N/A,N/A,1.17.1
91,netherrack_091.png,netherrack,minecraft:netherrack,N/A,True,nether_wastes,minecraft:nether_wastes,N/A,the_nether,minecraft:the_nether,N/A,N/A,1.17.1
92,netherrack_092.png,netherrack,minecraft:netherrack,N/A,True,nether_wastes,minecraft:nether_wastes,N/A,the_nether,minecraft:the_nether,N/A,N/A,1.17.1
93,netherrack_093.png,netherrack,minecraft:netherrack,N/A,True,nether_wastes,minecraft:nether_wastes,N/A,the_nether,minecraft:the_nether,N/A,N/A,1.17.1
94,netherrack_094.png,netherrack,minecraft:netherrack,N/A,True,nether_wastes,minecraft:nether_wastes,N/A,the_nether,minecraft:the_nether,N/A,N/A,1.17.1
95,netherrack_095.png,netherrack,minecraft:netherrack,N/A,True,nether_wastes,minecraft:nether_wastes,N/A,the_nether,minecraft:the_nether,N/A,N/A,1.17.1
96,netherrack_096.png,netherrack,minecraft:netherrack,N/A,True,nether_wastes,minecraft:nether_wastes,N/A,the_nether,minecraft:the_nether,N/A,N/A,1.17.1
97,netherrack_097.png,netherrack,minecraft:netherrack,N/A,True,nether_wastes,minecraft:nether_wastes,N/A,the_nether,minecraft:the_nether,N/A,N/A,1.17.1
98,netherrack_098.png,netherrack,minecraft:netherrack,N/A,True,nether_wastes,minecraft:nether_wastes,N/A,the_nether,minecraft:the_nether,N/A,N/A,1.17.1
99,netherrack_099.png,netherrack,minecraft:netherrack,N/A,True,nether_wastes,minecraft:nether_wastes,N/A,the_nether,minecraft:the_nether,N/A,N/A,1.17.1
100,netherrack_100.png,netherrack,minecraft:netherrack,N/A,True,nether_wastes,minecraft:nether_wastes,N/A,the_nether,minecraft:the_nether,N/A,N/A,1.17.1
101,netherrack_101.png,netherrack,minecraft:netherrack,N/A,True,nether_wastes,minecraft:nether_wastes,N/A,the_nether,minecraft:the_nether,N/A,N/A,1.17.1
102,netherrack_102.png,netherrack,minecraft:netherrack,N/A,True,nether_wastes,minecraft:nether_wastes,N/A,the_nether,minecraft:the_nether,N/A,N/A,1.17.1
103,netherrack_103.png,netherrack,minecraft:netherrack,N/A,True,nether_wastes,minecraft:nether_wastes,N/A,the_nether,minecraft:the_nether,N/A,N/A,1.17.1
104,netherrack_104.png,netherrack,minecraft:netherrack,N/A,True,nether_wastes,minecraft:nether_wastes,N/A,the_nether,minecraft:the_nether,N/A,N/A,1.17.1
105,netherrack_105.png,netherrack,minecraft:netherrack,N/A,True,nether_wastes,minecraft:nether_wastes,N/A,the_nether,minecraft:the_nether,N/A,N/A,1.17.1
106,netherrack_106.png,netherrack,minecraft:netherrack,N/A,True,nether_wastes,minecraft:nether_wastes,N/A,the_nether,minecraft:the_nether,N/A,N/A,1.17.1
107,netherrack_107.png,netherrack,minecraft:netherrack,N/A,True,nether_wastes,minecraft:nether_wastes,N/A,the_nether,minecraft:the_nether,N/A,N/A,1.17.1
108,netherrack_108.png,netherrack,minecraft:netherrack,N/A,True,nether_wastes,minecraft:nether_wastes,N/A,the_nether,minecraft:the_nether,N/A,N/A,1.17.1
109,netherrack_109.png,netherrack,minecraft:netherrack,N/A,True,nether_wastes,minecraft:nether_wastes,N/A,the_nether,minecraft:the_nether,N/A,N/A,1.17.1
110,netherrack_110.png,netherrack,minecraft:netherrack,N/A,True,nether_wastes,minecraft:nether_wastes,N/A,the_nether,minecraft:the_nether,N/A,N/A,1.17.1
111,netherrack_111.png,netherrack,minecraft:netherrack,N/A,True,nether_wastes,minecraft:nether_wastes,N/A,the_nether,minecraft:the_nether,N/A,N/A,1.17.1
112,netherrack_112.png,netherrack,minecraft:netherrack,N/A,True,nether_wastes,minecraft:nether_wastes,N/A,the_nether,minecraft:the_nether,N/A,N/A,1.17.1
113,netherrack_113.png,netherrack,minecraft:netherrack,N/A,True,nether_wastes,minecraft:nether_wastes,N/A,the_nether,minecraft:the_nether,N/A,N/A,1.17.1
114,netherrack_114.png,netherrack,minecraft:netherrack,N/A,True,nether_wastes,minecraft:nether_wastes,N/A,the_nether,minecraft:the_nether,N/A,N/A,1.17.1
115,netherrack_115.png,netherrack,minecraft:netherrack,N/A,True,nether_wastes,minecraft:nether_wastes,N/A,the_nether,minecraft:the_nether,N/A,N/A,1.17.1
116,netherrack_116.png,netherrack,minecraft:netherrack,N/A,True,nether_wastes,minecraft:nether_wastes,N/A,the_nether,minecraft:the_nether,N/A,N/A,1.17.1
117,netherrack_117.png,netherrack,minecraft:netherrack,N/A,True,crimson_forest,minecraft:crimson_forest,N/A,the_nether,minecraft:the_nether,N/A,N/A,1.17.1
118,netherrack_118.png,netherrack,minecraft:netherrack,N/A,True,crimson_forest,minecraft:crimson_forest,N/A,the_nether,minecraft:the_nether,N/A,N/A,1.17.1
119,netherrack_119.png,netherrack,minecraft:netherrack,N/A,True,crimson_forest,minecraft:crimson_forest,N/A,the_nether,minecraft:the_nether,N/A,N/A,1.17.1
120,netherrack_120.png,netherrack,minecraft:netherrack,N/A,True,crimson_forest,minecraft:crimson_forest,N/A,the_nether,minecraft:the_nether,N/A,N/A,1.17.1
121,netherrack_121.png,netherrack,minecraft:netherrack,N/A,True,crimson_forest,minecraft:crimson_forest,N/A,the_nether,minecraft:the_nether,N/A,N/A,1.17.1
122,netherrack_122.png,netherrack,minecraft:netherrack,N/A,True,crimson_forest,minecraft:crimson_forest,N/A,the_nether,minecraft:the_nether,N/A,N/A,1.17.1
123,netherrack_123.png,netherrack,minecraft:netherrack,N/A,True,crimson_forest,minecraft:crimson_forest,N/A,the_nether,minecraft:the_nether,N/A,N/A,1.17.1
124,netherrack_124.png,netherrack,minecraft:netherrack,N/A,True,crimson_forest,minecraft:crimson_forest,N/A,the_nether,minecraft:the_nether,N/A,N/A,1.17.1
125,netherrack_125.png,netherrack,minecraft:netherrack,N/A,True,crimson_forest,minecraft:crimson_forest,N/A,the_nether,minecraft:the_nether,N/A,N/A,1.17.1
126,netherrack_126.png,netherrack,minecraft:netherrack,N/A,True,crimson_forest,minecraft:crimson_forest,N/A,the_nether,minecraft:the_nether,N/A,N/A,1.17.1
127,netherrack_127.png,netherrack,minecraft:netherrack,N/A,True,crimson_forest,minecraft:crimson_forest,N/A,the_nether,minecraft:the_nether,N/A,N/A,1.17.1
128,netherrack_128.png,netherrack,minecraft:netherrack,N/A,True,crimson_forest,minecraft:crimson_forest,N/A,the_nether,minecraft:the_nether,N/A,N/A,1.17.1
129,netherrack_129.png,netherrack,minecraft:netherrack,N/A,True,crimson_forest,minecraft:crimson_forest,N/A,the_nether,minecraft:the_nether,N/A,N/A,1.17.1
130,netherrack_130.png,netherrack,minecraft:netherrack,N/A,True,crimson_forest,minecraft:crimson_forest,N/A,the_nether,minecraft:the_nether,N/A,N/A,1.17.1
131,netherrack_131.png,netherrack,minecraft:netherrack,N/A,True,crimson_forest,minecraft:crimson_forest,N/A,the_nether,minecraft:the_nether,N/A,N/A,1.17.1
132,netherrack_132.png,netherrack,minecraft:netherrack,N/A,True,crimson_forest,minecraft:crimson_forest,N/A,the_nether,minecraft:the_nether,N/A,N/A,1.17.1
133,netherrack_133.png,netherrack,minecraft:netherrack,N/A,True,crimson_forest,minecraft:crimson_forest,N/A,the_nether,minecraft:the_nether,N/A,N/A,1.17.1
134,netherrack_134.png,netherrack,minecraft:netherrack,N/A,True,crimson_forest,minecraft:crimson_forest,N/A,the_nether,minecraft:the_nether,N/A,N/A,1.17.1
135,netherrack_135.png,netherrack,minecraft:netherrack,N/A,True,crimson_forest,minecraft:crimson_forest,N/A,the_nether,minecraft:the_nether,N/A,N/A,1.17.1
136,netherrack_136.png,netherrack,minecraft:netherrack,N/A,True,crimson_forest,minecraft:crimson_forest,N/A,the_nether,minecraft:the_nether,N/A,N/A,1.17.1
137,netherrack_137.png,netherrack,minecraft:netherrack,N/A,True,crimson_forest,minecraft:crimson_forest,N/A,the_nether,minecraft:the_nether,N/A,N/A,1.17.1
138,netherrack_138.png,netherrack,minecraft:netherrack,N/A,True,crimson_forest,minecraft:crimson_forest,N/A,the_nether,minecraft:the_nether,N/A,N/A,1.17.1
139,netherrack_139.png,netherrack,minecraft:netherrack,N/A,True,crimson_forest,minecraft:crimson_forest,N/A,the_nether,minecraft:the_nether,N/A,N/A,1.17.1
140,netherrack_140.png,netherrack,minecraft:netherrack,N/A,True,crimson_forest,minecraft:crimson_forest,N/A,the_nether,minecraft:the_nether,N/A,N/A,1.17.1
141,netherrack_141.png,netherrack,minecraft:netherrack,N/A,True,crimson_forest,minecraft:crimson_forest,N/A,the_nether,minecraft:the_nether,N/A,N/A,1.17.1
142,netherrack_142.png,netherrack,minecraft:netherrack,N/A,True,crimson_forest,minecraft:crimson_forest,N/A,the_nether,minecraft:the_nether,N/A,N/A,1.17.1
143,netherrack_143.png,netherrack,minecraft:netherrack,N/A,True,crimson_forest,minecraft:crimson_forest,N/A,the_nether,minecraft:the_nether,N/A,N/A,1.17.1
144,netherrack_144.png,netherrack,minecraft:netherrack,N/A,True,crimson_forest,minecraft:crimson_forest,N/A,the_nether,minecraft:the_nether,N/A,N/A,1.17.1
145,netherrack_145.png,netherrack,minecraft:netherrack,N/A,True,crimson_forest,minecraft:crimson_forest,N/A,the_nether,minecraft:the_nether,N/A,N/A,1.17.1
146,netherrack_146.png,netherrack,minecraft:netherrack,N/A,True,crimson_forest,minecraft:crimson_forest,N/A,the_nether,minecraft:the_nether,N/A,N/A,1.17.1
147,netherrack_147.png,netherrack,minecraft:netherrack,N/A,True,crimson_forest,minecraft:crimson_forest,N/A,the_nether,minecraft:the_nether,N/A,N/A,1.17.1
148,netherrack_148.png,netherrack,minecraft:netherrack,N/A,True,crimson_forest,minecraft:crimson_forest,N/A,the_nether,minecraft:the_nether,N/A,N/A,1.17.1
149,netherrack_149.png,netherrack,minecraft:netherrack,N/A,True,crimson_forest,minecraft:crimson_forest,N/A,the_nether,minecraft:the_nether,N/A,N/A,1.17.1
150,netherrack_150.png,netherrack,minecraft:netherrack,N/A,True,crimson_forest,minecraft:crimson_forest,N/A,the_nether,minecraft:the_nether,N/A,N/A,1.17.1
151,netherrack_151.png,netherrack,minecraft:netherrack,N/A,True,crimson_forest,minecraft:crimson_forest,N/A,the_nether,minecraft:the_nether,N/A,N/A,1.17.1
152,netherrack_152.png,netherrack,minecraft:netherrack,N/A,True,crimson_forest,minecraft:crimson_forest,N/A,the_nether,minecraft:the_nether,N/A,N/A,1.17.1
153,netherrack_153.png,netherrack,minecraft:netherrack,N/A,True,crimson_forest,minecraft:crimson_forest,N/A,the_nether,minecraft:the_nether,N/A,N/A,1.17.1
154,netherrack_154.png,netherrack,minecraft:netherrack,N/A,True,soul_sand_valley,minecraft:soul_sand_valley,N/A,the_nether,minecraft:the_nether,N/A,N/A,1.17.1
155,netherrack_155.png,netherrack,minecraft:netherrack,N/A,True,soul_sand_valley,minecraft:soul_sand_valley,N/A,the_nether,minecraft:the_nether,N/A,N/A,1.17.1
156,netherrack_156.png,netherrack,minecraft:netherrack,N/A,True,soul_sand_valley,minecraft:soul_sand_valley,N/A,the_nether,minecraft:the_nether,N/A,N/A,1.17.1
157,netherrack_157.png,netherrack,minecraft:netherrack,N/A,True,soul_sand_valley,minecraft:soul_sand_valley,N/A,the_nether,minecraft:the_nether,N/A,N/A,1.17.1
158,netherrack_158.png,netherrack,minecraft:netherrack,N/A,True,soul_sand_valley,minecraft:soul_sand_valley,N/A,the_nether,minecraft:the_nether,N/A,N/A,1.17.1
159,netherrack_159.png,netherrack,minecraft:netherrack,N/A,True,nether_wastes,minecraft:nether_wastes,N/A,the_nether,minecraft:the_nether,N/A,N/A,1.17.1
160,netherrack_160.png,netherrack,minecraft:netherrack,N/A,True,nether_wastes,minecraft:nether_wastes,N/A,the_nether,minecraft:the_nether,N/A,N/A,1.17.1
161,netherrack_161.png,netherrack,minecraft:netherrack,N/A,True,nether_wastes,minecraft:nether_wastes,N/A,the_nether,minecraft:the_nether,N/A,N/A,1.17.1
162,netherrack_162.png,netherrack,minecraft:netherrack,N/A,True,nether_wastes,minecraft:nether_wastes,N/A,the_nether,minecraft:the_nether,N/A,N/A,1.17.1
163,netherrack_163.png,netherrack,minecraft:netherrack,N/A,True,nether_wastes,minecraft:nether_wastes,N/A,the_nether,minecraft:the_nether,N/A,N/A,1.17.1
164,netherrack_164.png,netherrack,minecraft:netherrack,N/A,True,nether_wastes,minecraft:nether_wastes,N/A,the_nether,minecraft:the_nether,N/A,N/A,1.17.1
165,netherrack_165.png,netherrack,minecraft:netherrack,N/A,True,nether_wastes,minecraft:nether_wastes,N/A,the_nether,minecraft:the_nether,N/A,N/A,1.17.1
166,netherrack_166.png,netherrack,minecraft:netherrack,N/A,True,nether_wastes,minecraft:nether_wastes,N/A,the_nether,minecraft:the_nether,N/A,N/A,1.17.1
167,netherrack_167.png,netherrack,minecraft:netherrack,N/A,True,nether_wastes,minecraft:nether_wastes,N/A,the_nether,minecraft:the_nether,N/A,N/A,1.17.1
168,netherrack_168.png,netherrack,minecraft:netherrack,N/A,True,nether_wastes,minecraft:nether_wastes,N/A,the_nether,minecraft:the_nether,N/A,N/A,1.17.1
169,netherrack_169.png,netherrack,minecraft:netherrack,N/A,True,nether_wastes,minecraft:nether_wastes,N/A,the_nether,minecraft:the_nether,N/A,N/A,1.17.1
170,netherrack_170.png,netherrack,minecraft:netherrack,N/A,True,nether_wastes,minecraft:nether_wastes,N/A,the_nether,minecraft:the_nether,N/A,N/A,1.17.1
171,netherrack_171.png,netherrack,minecraft:netherrack,N/A,True,nether_wastes,minecraft:nether_wastes,N/A,the_nether,minecraft:the_nether,N/A,N/A,1.17.1
172,netherrack_172.png,netherrack,minecraft:netherrack,N/A,True,nether_wastes,minecraft:nether_wastes,N/A,the_nether,minecraft:the_nether,N/A,N/A,1.17.1
173,netherrack_173.png,netherrack,minecraft:netherrack,N/A,True,nether_wastes,minecraft:nether_wastes,N/A,the_nether,minecraft:the_nether,N/A,N/A,1.17.1
174,netherrack_174.png,netherrack,minecraft:netherrack,N/A,True,nether_wastes,minecraft:nether_wastes,N/A,the_nether,minecraft:the_nether,N/A,N/A,1.17.1
175,netherrack_175.png,netherrack,minecraft:netherrack,N/A,True,nether_wastes,minecraft:nether_wastes,N/A,the_nether,minecraft:the_nether,N/A,N/A,1.17.1
176,netherrack_176.png,netherrack,minecraft:netherrack,N/A,True,nether_wastes,minecraft:nether_wastes,N/A,the_nether,minecraft:the_nether,N/A,N/A,1.17.1
177,netherrack_177.png,netherrack,minecraft:netherrack,N/A,True,nether_wastes,minecraft:nether_wastes,N/A,the_nether,minecraft:the_nether,N/A,N/A,1.17.1
178,netherrack_178.png,netherrack,minecraft:netherrack,N/A,True,nether_wastes,minecraft:nether_wastes,N/A,the_nether,minecraft:the_nether,N/A,N/A,1.17.1
179,netherrack_179.png,netherrack,minecraft:netherrack,N/A,True,nether_wastes,minecraft:nether_wastes,N/A,the_nether,minecraft:the_nether,N/A,N/A,1.17.1
180,netherrack_180.png,netherrack,minecraft:netherrack,N/A,True,nether_wastes,minecraft:nether_wastes,N/A,the_nether,minecraft:the_nether,N/A,N/A,1.17.1
181,netherrack_181.png,netherrack,minecraft:netherrack,N/A,True,nether_wastes,minecraft:nether_wastes,N/A,the_nether,minecraft:the_nether,N/A,N/A,1.17.1
182,netherrack_182.png,netherrack,minecraft:netherrack,N/A,True,nether_wastes,minecraft:nether_wastes,N/A,the_nether,minecraft:the_nether,N/A,N/A,1.17.1
183,netherrack_183.png,netherrack,minecraft:netherrack,N/A,True,nether_wastes,minecraft:nether_wastes,N/A,the_nether,minecraft:the_nether,N/A,N/A,1.17.1
184,netherrack_184.png,netherrack,minecraft:netherrack,N/A,True,nether_wastes,minecraft:nether_wastes,N/A,the_nether,minecraft:the_nether,N/A,N/A,1.17.1
185,netherrack_185.png,netherrack,minecraft:netherrack,N/A,True,nether_wastes,minecraft:nether_wastes,N/A,the_nether,minecraft:the_nether,N/A,N/A,1.17.1
186,netherrack_186.png,netherrack,minecraft:netherrack,N/A,True,nether_wastes,minecraft:nether_wastes,N/A,the_nether,minecraft:the_nether,N/A,N/A,1.17.1
187,netherrack_187.png,netherrack,minecraft:netherrack,N/A,True,nether_wastes,minecraft:nether_wastes,N/A,the_nether,minecraft:the_nether,N/A,N/A,1.17.1
188,netherrack_188.png,netherrack,minecraft:netherrack,N/A,True,nether_wastes,minecraft:nether_wastes,N/A,the_nether,minecraft:the_nether,N/A,N/A,1.17.1
189,netherrack_189.png,netherrack,minecraft:netherrack,N/A,True,nether_wastes,minecraft:nether_wastes,N/A,the_nether,minecraft:the_nether,N/A,N/A,1.17.1
190,netherrack_190.png,netherrack,minecraft:netherrack,N/A,True,nether_wastes,minecraft:nether_wastes,N/A,the_nether,minecraft:the_nether,N/A,N/A,1.17.1
191,netherrack_191.png,netherrack,minecraft:netherrack,N/A,True,nether_wastes,minecraft:nether_wastes,N/A,the_nether,minecraft:the_nether,N/A,N/A,1.17.1
192,netherrack_192.png,netherrack,minecraft:netherrack,N/A,True,nether_wastes,minecraft:nether_wastes,N/A,the_nether,minecraft:the_nether,N/A,N/A,1.17.1
193,netherrack_193.png,netherrack,minecraft:netherrack,N/A,True,nether_wastes,minecraft:nether_wastes,N/A,the_nether,minecraft:the_nether,N/A,N/A,1.17.1
194,netherrack_194.png,netherrack,minecraft:netherrack,N/A,True,nether_wastes,minecraft:nether_wastes,N/A,the_nether,minecraft:the_nether,N/A,N/A,1.17.1
195,netherrack_195.png,netherrack,minecraft:netherrack,N/A,True,nether_wastes,minecraft:nether_wastes,N/A,the_nether,minecraft:the_nether,N/A,N/A,1.17.1
196,netherrack_196.png,netherrack,minecraft:netherrack,N/A,True,nether_wastes,minecraft:nether_wastes,N/A,the_nether,minecraft:the_nether,N/A,N/A,1.17.1
197,netherrack_197.png,netherrack,minecraft:netherrack,N/A,True,nether_wastes,minecraft:nether_wastes,N/A,the_nether,minecraft:the_nether,N/A,N/A,1.17.1
198,netherrack_198.png,netherrack,minecraft:netherrack,N/A,True,nether_wastes,minecraft:nether_wastes,N/A,the_nether,minecraft:the_nether,N/A,N/A,1.17.1
199,netherrack_199.png,netherrack,minecraft:netherrack,N/A,True,nether_wastes,minecraft:nether_wastes,N/A,the_nether,minecraft:the_nether,N/A,N/A,1.17.1
200,netherrack_200.png,netherrack,minecraft:netherrack,N/A,True,nether_wastes,minecraft:nether_wastes,N/A,the_nether,minecraft:the_nether,N/A,N/A,1.17.1
201,netherrack_201.png,netherrack,minecraft:netherrack,N/A,True,nether_wastes,minecraft:nether_wastes,N/A,the_nether,minecraft:the_nether,N/A,N/A,1.17.1
202,netherrack_202.png,netherrack,minecraft:netherrack,N/A,True,nether_wastes,minecraft:nether_wastes,N/A,the_nether,minecraft:the_nether,N/A,N/A,1.17.1
203,netherrack_203.png,netherrack,minecraft:netherrack,N/A,True,nether_wastes,minecraft:nether_wastes,N/A,the_nether,minecraft:the_nether,N/A,N/A,1.17.1
204,netherrack_204.png,netherrack,minecraft:netherrack,N/A,True,nether_wastes,minecraft:nether_wastes,N/A,the_nether,minecraft:the_nether,N/A,N/A,1.17.1
205,netherrack_205.png,netherrack,minecraft:netherrack,N/A,True,nether_wastes,minecraft:nether_wastes,N/A,the_nether,minecraft:the_nether,N/A,N/A,1.17.1
206,netherrack_206.png,netherrack,minecraft:netherrack,N/A,True,nether_wastes,minecraft:nether_wastes,N/A,the_nether,minecraft:the_nether,N/A,N/A,1.17.1
207,netherrack_207.png,netherrack,minecraft:netherrack,N/A,True,nether_wastes,minecraft:nether_wastes,N/A,the_nether,minecraft:the_nether,N/A,N/A,1.17.1
208,netherrack_208.png,netherrack,minecraft:netherrack,N/A,True,nether_wastes,minecraft:nether_wastes,N/A,the_nether,minecraft:the_nether,N/A,N/A,1.17.1
209,netherrack_209.png,netherrack,minecraft:netherrack,N/A,True,nether_wastes,minecraft:nether_wastes,N/A,the_nether,minecraft:the_nether,N/A,N/A,1.17.1
210,netherrack_210.png,netherrack,minecraft:netherrack,N/A,True,nether_wastes,minecraft:nether_wastes,N/A,the_nether,minecraft:the_nether,N/A,N/A,1.17.1
211,netherrack_211.png,netherrack,minecraft:netherrack,N/A,True,nether_wastes,minecraft:nether_wastes,N/A,the_nether,minecraft:the_nether,N/A,N/A,1.17.1
212,netherrack_212.png,netherrack,minecraft:netherrack,N/A,True,nether_wastes,minecraft:nether_wastes,N/A,the_nether,minecraft:the_nether,N/A,N/A,1.17.1
213,netherrack_213.png,netherrack,minecraft:netherrack,N/A,True,nether_wastes,minecraft:nether_wastes,N/A,the_nether,minecraft:the_nether,N/A,N/A,1.17.1
214,netherrack_214.png,netherrack,minecraft:netherrack,N/A,True,nether_wastes,minecraft:nether_wastes,N/A,the_nether,minecraft:the_nether,N/A,N/A,1.17.1
215,netherrack_215.png,netherrack,minecraft:netherrack,N/A,True,nether_wastes,minecraft:nether_wastes,N/A,the_nether,minecraft:the_nether,N/A,N/A,1.17.1
216,netherrack_216.png,netherrack,minecraft:netherrack,N/A,True,nether_wastes,minecraft:nether_wastes,N/A,the_nether,minecraft:the_nether,N/A,N/A,1.17.1
217,netherrack_217.png,netherrack,minecraft:netherrack,N/A,True,nether_wastes,minecraft:nether_wastes,N/A,the_nether,minecraft:the_nether,N/A,N/A,1.17.1
218,netherrack_218.png,netherrack,minecraft:netherrack,N/A,True,nether_wastes,minecraft:nether_wastes,N/A,the_nether,minecraft:the_nether,N/A,N/A,1.17.1
219,netherrack_219.png,netherrack,minecraft:netherrack,N/A,True,nether_wastes,minecraft:nether_wastes,N/A,the_nether,minecraft:the_nether,N/A,N/A,1.17.1
220,netherrack_220.png,netherrack,minecraft:netherrack,N/A,True,nether_wastes,minecraft:nether_wastes,N/A,the_nether,minecraft:the_nether,N/A,N/A,1.17.1
221,netherrack_221.png,netherrack,minecraft:netherrack,N/A,True,nether_wastes,minecraft:nether_wastes,N/A,the_nether,minecraft:the_nether,N/A,N/A,1.17.1
222,netherrack_222.png,netherrack,minecraft:netherrack,N/A,True,nether_wastes,minecraft:nether_wastes,N/A,the_nether,minecraft:the_nether,N/A,N/A,1.17.1
223,netherrack_223.png,netherrack,minecraft:netherrack,N/A,True,nether_wastes,minecraft:nether_wastes,N/A,the_nether,minecraft:the_nether,N/A,N/A,1.17.1
224,netherrack_224.png,netherrack,minecraft:netherrack,N/A,True,nether_wastes,minecraft:nether_wastes,N/A,the_nether,minecraft:the_nether,N/A,N/A,1.17.1
225,netherrack_225.png,netherrack,minecraft:netherrack,N/A,True,nether_wastes,minecraft:nether_wastes,N/A,the_nether,minecraft:the_nether,N/A,N/A,1.17.1
226,netherrack_226.png,netherrack,minecraft:netherrack,N/A,True,nether_wastes,minecraft:nether_wastes,N/A,the_nether,minecraft:the_nether,N/A,N/A,1.17.1
227,netherrack_227.png,netherrack,minecraft:netherrack,N/A,True,nether_wastes,minecraft:nether_wastes,N/A,the_nether,minecraft:the_nether,N/A,N/A,1.17.1
228,netherrack_228.png,netherrack,minecraft:netherrack,N/A,True,nether_wastes,minecraft:nether_wastes,N/A,the_nether,minecraft:the_nether,N/A,N/A,1.17.1
229,netherrack_229.png,netherrack,minecraft:netherrack,N/A,True,nether_wastes,minecraft:nether_wastes,N/A,the_nether,minecraft:the_nether,N/A,N/A,1.17.1
230,netherrack_230.png,netherrack,minecraft:netherrack,N/A,True,nether_wastes,minecraft:nether_wastes,N/A,the_nether,minecraft:the_nether,N/A,N/A,1.17.1
231,netherrack_231.png,netherrack,minecraft:netherrack,N/A,True,nether_wastes,minecraft:nether_wastes,N/A,the_nether,minecraft:the_nether,N/A,N/A,1.17.1
232,netherrack_232.png,netherrack,minecraft:netherrack,N/A,True,nether_wastes,minecraft:nether_wastes,N/A,the_nether,minecraft:the_nether,N/A,N/A,1.17.1
233,netherrack_233.png,netherrack,minecraft:netherrack,N/A,True,nether_wastes,minecraft:nether_wastes,N/A,the_nether,minecraft:the_nether,N/A,N/A,1.17.1
234,netherrack_234.png,netherrack,minecraft:netherrack,N/A,True,nether_wastes,minecraft:nether_wastes,N/A,the_nether,minecraft:the_nether,N/A,N/A,1.17.1
235,netherrack_235.png,netherrack,minecraft:netherrack,N/A,True,nether_wastes,minecraft:nether_wastes,N/A,the_nether,minecraft:the_nether,N/A,N/A,1.17.1
236,netherrack_236.png,netherrack,minecraft:netherrack,N/A,True,nether_wastes,minecraft:nether_wastes,N/A,the_nether,minecraft:the_nether,N/A,N/A,1.17.1
237,netherrack_237.png,netherrack,minecraft:netherrack,N/A,True,nether_wastes,minecraft:nether_wastes,N/A,the_nether,minecraft:the_nether,N/A,N/A,1.17.1
238,netherrack_238.png,netherrack,minecraft:netherrack,N/A,True,nether_wastes,minecraft:nether_wastes,N/A,the_nether,minecraft:the_nether,N/A,N/A,1.17.1
239,netherrack_239.png,netherrack,minecraft:netherrack,N/A,True,nether_wastes,minecraft:nether_wastes,N/A,the_nether,minecraft:the_nether,N/A,N/A,1.17.1
240,netherrack_240.png,netherrack,minecraft:netherrack,N/A,True,nether_wastes,minecraft:nether_wastes,N/A,the_nether,minecraft:the_nether,N/A,N/A,1.17.1
241,netherrack_241.png,netherrack,minecraft:netherrack,N/A,True,nether_wastes,minecraft:nether_wastes,N/A,the_nether,minecraft:the_nether,N/A,N/A,1.17.1
242,netherrack_242.png,netherrack,minecraft:netherrack,N/A,True,nether_wastes,minecraft:nether_wastes,N/A,the_nether,minecraft:the_nether,N/A,N/A,1.17.1
243,netherrack_243.png,netherrack,minecraft:netherrack,N/A,True,nether_wastes,minecraft:nether_wastes,N/A,the_nether,minecraft:the_nether,N/A,N/A,1.17.1
244,netherrack_244.png,netherrack,minecraft:netherrack,N/A,True,nether_wastes,minecraft:nether_wastes,N/A,the_nether,minecraft:the_nether,N/A,N/A,1.17.1
245,netherrack_245.png,netherrack,minecraft:netherrack,N/A,True,nether_wastes,minecraft:nether_wastes,N/A,the_nether,minecraft:the_nether,N/A,N/A,1.17.1
246,netherrack_246.png,netherrack,minecraft:netherrack,N/A,True,nether_wastes,minecraft:nether_wastes,N/A,the_nether,minecraft:the_nether,N/A,N/A,1.17.1
247,netherrack_247.png,netherrack,minecraft:netherrack,N/A,True,nether_wastes,minecraft:nether_wastes,N/A,the_nether,minecraft:the_nether,N/A,N/A,1.17.1
248,netherrack_248.png,netherrack,minecraft:netherrack,N/A,True,nether_wastes,minecraft:nether_wastes,N/A,the_nether,minecraft:the_nether,N/A,N/A,1.17.1
249,netherrack_249.png,netherrack,minecraft:netherrack,N/A,True,nether_wastes,minecraft:nether_wastes,N/A,the_nether,minecraft:the_nether,N/A,N/A,1.17.1
250,netherrack_250.png,netherrack,minecraft:netherrack,N/A,True,nether_wastes,minecraft:nether_wastes,N/A,the_nether,minecraft:the_nether,N/A,N/A,1.17.1
251,netherrack_251.png,netherrack,minecraft:netherrack,N/A,True,nether_wastes,minecraft:nether_wastes,N/A,the_nether,minecraft:the_nether,N/A,N/A,1.17.1
252,netherrack_252.png,netherrack,minecraft:netherrack,N/A,True,nether_wastes,minecraft:nether_wastes,N/A,the_nether,minecraft:the_nether,N/A,N/A,1.17.1
253,netherrack_253.png,netherrack,minecraft:netherrack,N/A,True,nether_wastes,minecraft:nether_wastes,N/A,the_nether,minecraft:the_nether,N/A,N/A,1.17.1
254,netherrack_254.png,netherrack,minecraft:netherrack,N/A,True,nether_wastes,minecraft:nether_wastes,N/A,the_nether,minecraft:the_nether,N/A,N/A,1.17.1
255,netherrack_255.png,netherrack,minecraft:netherrack,N/A,True,nether_wastes,minecraft:nether_wastes,N/A,the_nether,minecraft:the_nether,N/A,N/A,1.17.1
256,netherrack_256.png,netherrack,minecraft:netherrack,N/A,True,nether_wastes,minecraft:nether_wastes,N/A,the_nether,minecraft:the_nether,N/A,N/A,1.17.1
257,netherrack_257.png,netherrack,minecraft:netherrack,N/A,True,nether_wastes,minecraft:nether_wastes,N/A,the_nether,minecraft:the_nether,N/A,N/A,1.17.1
258,netherrack_258.png,netherrack,minecraft:netherrack,N/A,True,nether_wastes,minecraft:nether_wastes,N/A,the_nether,minecraft:the_nether,N/A,N/A,1.17.1
259,netherrack_259.png,netherrack,minecraft:netherrack,N/A,True,nether_wastes,minecraft:nether_wastes,N/A,the_nether,minecraft:the_nether,N/A,N/A,1.17.1
260,netherrack_260.png,netherrack,minecraft:netherrack,N/A,True,nether_wastes,minecraft:nether_wastes,N/A,the_nether,minecraft:the_nether,N/A,N/A,1.17.1
261,netherrack_261.png,netherrack,minecraft:netherrack,N/A,True,nether_wastes,minecraft:nether_wastes,N/A,the_nether,minecraft:the_nether,N/A,N/A,1.17.1
262,netherrack_262.png,netherrack,minecraft:netherrack,N/A,True,nether_wastes,minecraft:nether_wastes,N/A,the_nether,minecraft:the_nether,N/A,N/A,1.17.1
263,netherrack_263.png,netherrack,minecraft:netherrack,N/A,True,nether_wastes,minecraft:nether_wastes,N/A,the_nether,minecraft:the_nether,N/A,N/A,1.17.1
264,netherrack_264.png,netherrack,minecraft:netherrack,N/A,True,nether_wastes,minecraft:nether_wastes,N/A,the_nether,minecraft:the_nether,N/A,N/A,1.17.1
265,netherrack_265.png,netherrack,minecraft:netherrack,N/A,True,nether_wastes,minecraft:nether_wastes,N/A,the_nether,minecraft:the_nether,N/A,N/A,1.17.1
266,netherrack_266.png,netherrack,minecraft:netherrack,N/A,True,nether_wastes,minecraft:nether_wastes,N/A,the_nether,minecraft:the_nether,N/A,N/A,1.17.1
267,netherrack_267.png,netherrack,minecraft:netherrack,N/A,True,nether_wastes,minecraft:nether_wastes,N/A,the_nether,minecraft:the_nether,N/A,N/A,1.17.1
268,netherrack_268.png,netherrack,minecraft:netherrack,N/A,True,nether_wastes,minecraft:nether_wastes,N/A,the_nether,minecraft:the_nether,N/A,N/A,1.17.1
269,netherrack_269.png,netherrack,minecraft:netherrack,N/A,True,nether_wastes,minecraft:nether_wastes,N/A,the_nether,minecraft:the_nether,N/A,N/A,1.17.1
270,netherrack_270.png,netherrack,minecraft:netherrack,N/A,True,nether_wastes,minecraft:nether_wastes,N/A,the_nether,minecraft:the_nether,N/A,N/A,1.17.1
271,netherrack_271.png,netherrack,minecraft:netherrack,N/A,True,nether_wastes,minecraft:nether_wastes,N/A,the_nether,minecraft:the_nether,N/A,N/A,1.17.1
272,netherrack_272.png,netherrack,minecraft:netherrack,N/A,True,nether_wastes,minecraft:nether_wastes,N/A,the_nether,minecraft:the_nether,N/A,N/A,1.17.1
273,netherrack_273.png,netherrack,minecraft:netherrack,N/A,True,nether_wastes,minecraft:nether_wastes,N/A,the_nether,minecraft:the_nether,N/A,N/A,1.17.1
274,netherrack_274.png,netherrack,minecraft:netherrack,N/A,True,nether_wastes,minecraft:nether_wastes,N/A,the_nether,minecraft:the_nether,N/A,N/A,1.17.1
275,netherrack_275.png,netherrack,minecraft:netherrack,N/A,True,nether_wastes,minecraft:nether_wastes,N/A,the_nether,minecraft:the_nether,N/A,N/A,1.17.1
276,netherrack_276.png,netherrack,minecraft:netherrack,N/A,True,nether_wastes,minecraft:nether_wastes,N/A,the_nether,minecraft:the_nether,N/A,N/A,1.17.1
277,netherrack_277.png,netherrack,minecraft:netherrack,N/A,True,nether_wastes,minecraft:nether_wastes,N/A,the_nether,minecraft:the_nether,N/A,N/A,1.17.1
278,netherrack_278.png,netherrack,minecraft:netherrack,N/A,True,nether_wastes,minecraft:nether_wastes,N/A,the_nether,minecraft:the_nether,N/A,N/A,1.17.1
279,netherrack_279.png,netherrack,minecraft:netherrack,N/A,True,nether_wastes,minecraft:nether_wastes,N/A,the_nether,minecraft:the_nether,N/A,N/A,1.17.1
280,netherrack_280.png,netherrack,minecraft:netherrack,N/A,True,nether_wastes,minecraft:nether_wastes,N/A,the_nether,minecraft:the_nether,N/A,N/A,1.17.1
281,netherrack_281.png,netherrack,minecraft:netherrack,N/A,True,nether_wastes,minecraft:nether_wastes,N/A,the_nether,minecraft:the_nether,N/A,N/A,1.17.1
282,netherrack_282.png,netherrack,minecraft:netherrack,N/A,True,nether_wastes,minecraft:nether_wastes,N/A,the_nether,minecraft:the_nether,N/A,N/A,1.17.1
283,netherrack_283.png,netherrack,minecraft:netherrack,N/A,True,nether_wastes,minecraft:nether_wastes,N/A,the_nether,minecraft:the_nether,N/A,N/A,1.17.1
284,netherrack_284.png,netherrack,minecraft:netherrack,N/A,True,nether_wastes,minecraft:nether_wastes,N/A,the_nether,minecraft:the_nether,N/A,N/A,1.17.1
285,netherrack_285.png,netherrack,minecraft:netherrack,N/A,True,nether_wastes,minecraft:nether_wastes,N/A,the_nether,minecraft:the_nether,N/A,N/A,1.17.1
286,netherrack_286.png,netherrack,minecraft:netherrack,N/A,True,nether_wastes,minecraft:nether_wastes,N/A,the_nether,minecraft:the_nether,N/A,N/A,1.17.1
287,netherrack_287.png,netherrack,minecraft:netherrack,N/A,True,nether_wastes,minecraft:nether_wastes,N/A,the_nether,minecraft:the_nether,N/A,N/A,1.17.1
288,netherrack_288.png,netherrack,minecraft:netherrack,N/A,True,nether_wastes,minecraft:nether_wastes,N/A,the_nether,minecraft:the_nether,N/A,N/A,1.17.1
289,netherrack_289.png,netherrack,minecraft:netherrack,N/A,True,nether_wastes,minecraft:nether_wastes,N/A,the_nether,minecraft:the_nether,N/A,N/A,1.17.1
290,netherrack_290.png,netherrack,minecraft:netherrack,N/A,True,nether_wastes,minecraft:nether_wastes,N/A,the_nether,minecraft:the_nether,N/A,N/A,1.17.1
291,netherrack_291.png,netherrack,minecraft:netherrack,N/A,True,nether_wastes,minecraft:nether_wastes,N/A,the_nether,minecraft:the_nether,N/A,N/A,1.17.1
292,netherrack_292.png,netherrack,minecraft:netherrack,N/A,True,nether_wastes,minecraft:nether_wastes,N/A,the_nether,minecraft:the_nether,N/A,N/A,1.17.1
293,netherrack_293.png,netherrack,minecraft:netherrack,N/A,True,nether_wastes,minecraft:nether_wastes,N/A,the_nether,minecraft:the_nether,N/A,N/A,1.17.1
294,netherrack_294.png,netherrack,minecraft:netherrack,N/A,True,nether_wastes,minecraft:nether_wastes,N/A,the_nether,minecraft:the_nether,N/A,N/A,1.17.1
295,netherrack_295.png,netherrack,minecraft:netherrack,N/A,True,nether_wastes,minecraft:nether_wastes,N/A,the_nether,minecraft:the_nether,N/A,N/A,1.17.1
296,netherrack_296.png,netherrack,minecraft:netherrack,N/A,True,nether_wastes,minecraft:nether_wastes,N/A,the_nether,minecraft:the_nether,N/A,N/A,1.17.1
297,netherrack_297.png,netherrack,minecraft:netherrack,N/A,True,nether_wastes,minecraft:nether_wastes,N/A,the_nether,minecraft:the_nether,N/A,N/A,1.17.1
298,netherrack_298.png,netherrack,minecraft:netherrack,N/A,True,nether_wastes,minecraft:nether_wastes,N/A,the_nether,minecraft:the_nether,N/A,N/A,1.17.1
299,netherrack_299.png,netherrack,minecraft:netherrack,N/A,True,nether_wastes,minecraft:nether_wastes,N/A,the_nether,minecraft:the_nether,N/A,N/A,1.17.1
300,netherrack_300.png,netherrack,minecraft:netherrack,N/A,True,nether_wastes,minecraft:nether_wastes,N/A,the_nether,minecraft:the_nether,N/A,N/A,1.17.1
301,netherrack_301.png,netherrack,minecraft:netherrack,N/A,True,nether_wastes,minecraft:nether_wastes,N/A,the_nether,minecraft:the_nether,N/A,N/A,1.17.1
302,netherrack_302.png,netherrack,minecraft:netherrack,N/A,True,nether_wastes,minecraft:nether_wastes,N/A,the_nether,minecraft:the_nether,N/A,N/A,1.17.1
303,netherrack_303.png,netherrack,minecraft:netherrack,N/A,True,nether_wastes,minecraft:nether_wastes,N/A,the_nether,minecraft:the_nether,N/A,N/A,1.17.1
304,netherrack_304.png,netherrack,minecraft:netherrack,N/A,True,nether_wastes,minecraft:nether_wastes,N/A,the_nether,minecraft:the_nether,N/A,N/A,1.17.1
305,netherrack_305.png,netherrack,minecraft:netherrack,N/A,True,nether_wastes,minecraft:nether_wastes,N/A,the_nether,minecraft:the_nether,N/A,N/A,1.17.1
306,netherrack_306.png,netherrack,minecraft:netherrack,N/A,True,nether_wastes,minecraft:nether_wastes,N/A,the_nether,minecraft:the_nether,N/A,N/A,1.17.1
307,netherrack_307.png,netherrack,minecraft:netherrack,N/A,True,nether_wastes,minecraft:nether_wastes,N/A,the_nether,minecraft:the_nether,N/A,N/A,1.17.1
308,netherrack_308.png,netherrack,minecraft:netherrack,N/A,True,nether_wastes,minecraft:nether_wastes,N/A,the_nether,minecraft:the_nether,N/A,N/A,1.17.1
309,netherrack_309.png,netherrack,minecraft:netherrack,N/A,True,nether_wastes,minecraft:nether_wastes,N/A,the_nether,minecraft:the_nether,N/A,N/A,1.17.1
310,netherrack_310.png,netherrack,minecraft:netherrack,N/A,True,nether_wastes,minecraft:nether_wastes,N/A,the_nether,minecraft:the_nether,N/A,N/A,1.17.1
311,netherrack_311.png,netherrack,minecraft:netherrack,N/A,True,nether_wastes,minecraft:nether_wastes,N/A,the_nether,minecraft:the_nether,N/A,N/A,1.17.1
312,netherrack_312.png,netherrack,minecraft:netherrack,N/A,True,basalt_deltas,minecraft:basalt_deltas,N/A,the_nether,minecraft:the_nether,N/A,N/A,1.17.1
313,netherrack_313.png,netherrack,minecraft:netherrack,N/A,True,basalt_deltas,minecraft:basalt_deltas,N/A,the_nether,minecraft:the_nether,N/A,N/A,1.17.1
314,netherrack_314.png,netherrack,minecraft:netherrack,N/A,True,basalt_deltas,minecraft:basalt_deltas,N/A,the_nether,minecraft:the_nether,N/A,N/A,1.17.1
315,netherrack_315.png,netherrack,minecraft:netherrack,N/A,True,nether_wastes,minecraft:nether_wastes,N/A,the_nether,minecraft:the_nether,N/A,N/A,1.17.1
316,netherrack_316.png,netherrack,minecraft:netherrack,N/A,True,nether_wastes,minecraft:nether_wastes,N/A,the_nether,minecraft:the_nether,N/A,N/A,1.17.1
317,netherrack_317.png,netherrack,minecraft:netherrack,N/A,True,nether_wastes,minecraft:nether_wastes,N/A,the_nether,minecraft:the_nether,N/A,N/A,1.17.1
318,netherrack_318.png,netherrack,minecraft:netherrack,N/A,True,nether_wastes,minecraft:nether_wastes,N/A,the_nether,minecraft:the_nether,N/A,N/A,1.17.1
319,netherrack_319.png,netherrack,minecraft:netherrack,N/A,True,nether_wastes,minecraft:nether_wastes,N/A,the_nether,minecraft:the_nether,N/A,N/A,1.17.1
320,netherrack_320.png,netherrack,minecraft:netherrack,N/A,True,nether_wastes,minecraft:nether_wastes,N/A,the_nether,minecraft:the_nether,N/A,N/A,1.17.1
321,netherrack_321.png,netherrack,minecraft:netherrack,N/A,True,nether_wastes,minecraft:nether_wastes,N/A,the_nether,minecraft:the_nether,N/A,N/A,1.17.1
322,netherrack_322.png,netherrack,minecraft:netherrack,N/A,True,nether_wastes,minecraft:nether_wastes,N/A,the_nether,minecraft:the_nether,N/A,N/A,1.17.1
323,netherrack_323.png,netherrack,minecraft:netherrack,N/A,True,nether_wastes,minecraft:nether_wastes,N/A,the_nether,minecraft:the_nether,N/A,N/A,1.17.1
324,netherrack_324.png,netherrack,minecraft:netherrack,N/A,True,nether_wastes,minecraft:nether_wastes,N/A,the_nether,minecraft:the_nether,N/A,N/A,1.17.1
325,netherrack_325.png,netherrack,minecraft:netherrack,N/A,True,nether_wastes,minecraft:nether_wastes,N/A,the_nether,minecraft:the_nether,N/A,N/A,1.17.1
326,netherrack_326.png,netherrack,minecraft:netherrack,N/A,True,nether_wastes,minecraft:nether_wastes,N/A,the_nether,minecraft:the_nether,N/A,N/A,1.17.1
327,netherrack_327.png,netherrack,minecraft:netherrack,N/A,True,nether_wastes,minecraft:nether_wastes,N/A,the_nether,minecraft:the_nether,N/A,N/A,1.17.1
328,netherrack_328.png,netherrack,minecraft:netherrack,N/A,True,nether_wastes,minecraft:nether_wastes,N/A,the_nether,minecraft:the_nether,N/A,N/A,1.17.1
329,netherrack_329.png,netherrack,minecraft:netherrack,N/A,True,nether_wastes,minecraft:nether_wastes,N/A,the_nether,minecraft:the_nether,N/A,N/A,1.17.1
330,netherrack_330.png,netherrack,minecraft:netherrack,N/A,True,nether_wastes,minecraft:nether_wastes,N/A,the_nether,minecraft:the_nether,N/A,N/A,1.17.1
331,netherrack_331.png,netherrack,minecraft:netherrack,N/A,True,nether_wastes,minecraft:nether_wastes,N/A,the_nether,minecraft:the_nether,N/A,N/A,1.17.1
332,netherrack_332.png,netherrack,minecraft:netherrack,N/A,True,nether_wastes,minecraft:nether_wastes,N/A,the_nether,minecraft:the_nether,N/A,N/A,1.17.1
333,netherrack_333.png,netherrack,minecraft:netherrack,N/A,True,nether_wastes,minecraft:nether_wastes,N/A,the_nether,minecraft:the_nether,N/A,N/A,1.17.1
334,netherrack_334.png,netherrack,minecraft:netherrack,N/A,True,nether_wastes,minecraft:nether_wastes,N/A,the_nether,minecraft:the_nether,N/A,N/A,1.17.1
335,netherrack_335.png,netherrack,minecraft:netherrack,N/A,True,nether_wastes,minecraft:nether_wastes,N/A,the_nether,minecraft:the_nether,N/A,N/A,1.17.1
336,netherrack_336.png,netherrack,minecraft:netherrack,N/A,True,nether_wastes,minecraft:nether_wastes,N/A,the_nether,minecraft:the_nether,N/A,N/A,1.17.1
337,netherrack_337.png,netherrack,minecraft:netherrack,N/A,True,nether_wastes,minecraft:nether_wastes,N/A,the_nether,minecraft:the_nether,N/A,N/A,1.17.1
338,netherrack_338.png,netherrack,minecraft:netherrack,N/A,True,nether_wastes,minecraft:nether_wastes,N/A,the_nether,minecraft:the_nether,N/A,N/A,1.17.1
339,netherrack_339.png,netherrack,minecraft:netherrack,N/A,True,nether_wastes,minecraft:nether_wastes,N/A,the_nether,minecraft:the_nether,N/A,N/A,1.17.1
340,netherrack_340.png,netherrack,minecraft:netherrack,N/A,True,nether_wastes,minecraft:nether_wastes,N/A,the_nether,minecraft:the_nether,N/A,N/A,1.17.1
341,netherrack_341.png,netherrack,minecraft:netherrack,N/A,True,nether_wastes,minecraft:nether_wastes,N/A,the_nether,minecraft:the_nether,N/A,N/A,1.17.1
342,netherrack_342.png,netherrack,minecraft:netherrack,N/A,True,nether_wastes,minecraft:nether_wastes,N/A,the_nether,minecraft:the_nether,N/A,N/A,1.17.1
343,netherrack_343.png,netherrack,minecraft:netherrack,N/A,True,nether_wastes,minecraft:nether_wastes,N/A,the_nether,minecraft:the_nether,N/A,N/A,1.17.1
344,netherrack_344.png,netherrack,minecraft:netherrack,N/A,True,nether_wastes,minecraft:nether_wastes,N/A,the_nether,minecraft:the_nether,N/A,N/A,1.17.1
345,netherrack_345.png,netherrack,minecraft:netherrack,N/A,True,nether_wastes,minecraft:nether_wastes,N/A,the_nether,minecraft:the_nether,N/A,N/A,1.17.1
346,netherrack_346.png,netherrack,minecraft:netherrack,N/A,True,nether_wastes,minecraft:nether_wastes,N/A,the_nether,minecraft:the_nether,N/A,N/A,1.17.1
347,netherrack_347.png,netherrack,minecraft:netherrack,N/A,True,warped_forest,minecraft:warped_forest,N/A,the_nether,minecraft:the_nether,N/A,N/A,1.17.1
348,netherrack_348.png,netherrack,minecraft:netherrack,N/A,True,warped_forest,minecraft:warped_forest,N/A,the_nether,minecraft:the_nether,N/A,N/A,1.17.1
349,netherrack_349.png,netherrack,minecraft:netherrack,N/A,True,warped_forest,minecraft:warped_forest,N/A,the_nether,minecraft:the_nether,N/A,N/A,1.17.1
350,netherrack_350.png,netherrack,minecraft:netherrack,N/A,True,warped_forest,minecraft:warped_forest,N/A,the_nether,minecraft:the_nether,N/A,N/A,1.17.1
351,netherrack_351.png,netherrack,minecraft:netherrack,N/A,True,warped_forest,minecraft:warped_forest,N/A,the_nether,minecraft:the_nether,N/A,N/A,1.17.1
352,netherrack_352.png,netherrack,minecraft:netherrack,N/A,True,warped_forest,minecraft:warped_forest,N/A,the_nether,minecraft:the_nether,N/A,N/A,1.17.1
353,netherrack_353.png,netherrack,minecraft:netherrack,N/A,True,warped_forest,minecraft:warped_forest,N/A,the_nether,minecraft:the_nether,N/A,N/A,1.17.1
354,netherrack_354.png,netherrack,minecraft:netherrack,N/A,True,warped_forest,minecraft:warped_forest,N/A,the_nether,minecraft:the_nether,N/A,N/A,1.17.1
355,netherrack_355.png,netherrack,minecraft:netherrack,N/A,True,warped_forest,minecraft:warped_forest,N/A,the_nether,minecraft:the_nether,N/A,N/A,1.17.1
356,netherrack_356.png,netherrack,minecraft:netherrack,N/A,True,warped_forest,minecraft:warped_forest,N/A,the_nether,minecraft:the_nether,N/A,N/A,1.17.1
357,netherrack_357.png,netherrack,minecraft:netherrack,N/A,True,warped_forest,minecraft:warped_forest,N/A,the_nether,minecraft:the_nether,N/A,N/A,1.17.1
358,netherrack_358.png,netherrack,minecraft:netherrack,N/A,True,warped_forest,minecraft:warped_forest,N/A,the_nether,minecraft:the_nether,N/A,N/A,1.17.1
359,netherrack_359.png,netherrack,minecraft:netherrack,N/A,True,warped_forest,minecraft:warped_forest,N/A,the_nether,minecraft:the_nether,N/A,N/A,1.17.1
360,netherrack_360.png,netherrack,minecraft:netherrack,N/A,True,warped_forest,minecraft:warped_forest,N/A,the_nether,minecraft:the_nether,N/A,N/A,1.17.1
361,netherrack_361.png,netherrack,minecraft:netherrack,N/A,True,warped_forest,minecraft:warped_forest,N/A,the_nether,minecraft:the_nether,N/A,N/A,1.17.1
362,netherrack_362.png,netherrack,minecraft:netherrack,N/A,True,warped_forest,minecraft:warped_forest,N/A,the_nether,minecraft:the_nether,N/A,N/A,1.17.1
363,netherrack_363.png,netherrack,minecraft:netherrack,N/A,True,warped_forest,minecraft:warped_forest,N/A,the_nether,minecraft:the_nether,N/A,N/A,1.17.1
364,netherrack_364.png,netherrack,minecraft:netherrack,N/A,True,warped_forest,minecraft:warped_forest,N/A,the_nether,minecraft:the_nether,N/A,N/A,1.17.1
365,netherrack_365.png,netherrack,minecraft:netherrack,N/A,True,warped_forest,minecraft:warped_forest,N/A,the_nether,minecraft:the_nether,N/A,N/A,1.17.1
366,netherrack_366.png,netherrack,minecraft:netherrack,N/A,True,warped_forest,minecraft:warped_forest,N/A,the_nether,minecraft:the_nether,N/A,N/A,1.17.1
367,netherrack_367.png,netherrack,minecraft:netherrack,N/A,True,warped_forest,minecraft:warped_forest,N/A,the_nether,minecraft:the_nether,N/A,N/A,1.17.1
368,netherrack_368.png,netherrack,minecraft:netherrack,N/A,True,warped_forest,minecraft:warped_forest,N/A,the_nether,minecraft:the_nether,N/A,N/A,1.17.1
369,netherrack_369.png,netherrack,minecraft:netherrack,N/A,True,warped_forest,minecraft:warped_forest,N/A,the_nether,minecraft:the_nether,N/A,N/A,1.17.1
370,netherrack_370.png,netherrack,minecraft:netherrack,N/A,True,warped_forest,minecraft:warped_forest,N/A,the_nether,minecraft:the_nether,N/A,N/A,1.17.1
371,netherrack_371.png,netherrack,minecraft:netherrack,N/A,True,warped_forest,minecraft:warped_forest,N/A,the_nether,minecraft:the_nether,N/A,N/A,1.17.1
372,netherrack_372.png,netherrack,minecraft:netherrack,N/A,True,warped_forest,minecraft:warped_forest,N/A,the_nether,minecraft:the_nether,N/A,N/A,1.17.1
373,netherrack_373.png,netherrack,minecraft:netherrack,N/A,True,warped_forest,minecraft:warped_forest,N/A,the_nether,minecraft:the_nether,N/A,N/A,1.17.1
374,netherrack_374.png,netherrack,minecraft:netherrack,N/A,True,warped_forest,minecraft:warped_forest,N/A,the_nether,minecraft:the_nether,N/A,N/A,1.17.1
375,netherrack_375.png,netherrack,minecraft:netherrack,N/A,True,warped_forest,minecraft:warped_forest,N/A,the_nether,minecraft:the_nether,N/A,N/A,1.17.1
376,netherrack_376.png,netherrack,minecraft:netherrack,N/A,True,warped_forest,minecraft:warped_forest,N/A,the_nether,minecraft:the_nether,N/A,N/A,1.17.1
377,netherrack_377.png,netherrack,minecraft:netherrack,N/A,True,warped_forest,minecraft:warped_forest,N/A,the_nether,minecraft:the_nether,N/A,N/A,1.17.1
378,netherrack_378.png,netherrack,minecraft:netherrack,N/A,True,warped_forest,minecraft:warped_forest,N/A,the_nether,minecraft:the_nether,N/A,N/A,1.17.1
379,netherrack_379.png,netherrack,minecraft:netherrack,N/A,True,crimson_forest,minecraft:crimson_forest,N/A,the_nether,minecraft:the_nether,N/A,N/A,1.17.1
380,netherrack_380.png,netherrack,minecraft:netherrack,N/A,True,crimson_forest,minecraft:crimson_forest,N/A,the_nether,minecraft:the_nether,N/A,N/A,1.17.1
381,netherrack_381.png,netherrack,minecraft:netherrack,N/A,True,nether_wastes,minecraft:nether_wastes,N/A,the_nether,minecraft:the_nether,N/A,N/A,1.17.1
382,netherrack_382.png,netherrack,minecraft:netherrack,N/A,True,nether_wastes,minecraft:nether_wastes,N/A,the_nether,minecraft:the_nether,N/A,N/A,1.17.1
383,netherrack_383.png,netherrack,minecraft:netherrack,N/A,True,nether_wastes,minecraft:nether_wastes,N/A,the_nether,minecraft:the_nether,N/A,N/A,1.17.1
384,netherrack_384.png,netherrack,minecraft:netherrack,N/A,True,nether_wastes,minecraft:nether_wastes,N/A,the_nether,minecraft:the_nether,N/A,N/A,1.17.1
385,netherrack_385.png,netherrack,minecraft:netherrack,N/A,True,nether_wastes,minecraft:nether_wastes,N/A,the_nether,minecraft:the_nether,N/A,N/A,1.17.1
386,netherrack_386.png,netherrack,minecraft:netherrack,N/A,True,nether_wastes,minecraft:nether_wastes,N/A,the_nether,minecraft:the_nether,N/A,N/A,1.17.1
387,netherrack_387.png,netherrack,minecraft:netherrack,N/A,True,nether_wastes,minecraft:nether_wastes,N/A,the_nether,minecraft:the_nether,N/A,N/A,1.17.1
388,netherrack_388.png,netherrack,minecraft:netherrack,N/A,True,nether_wastes,minecraft:nether_wastes,N/A,the_nether,minecraft:the_nether,N/A,N/A,1.17.1
389,netherrack_389.png,netherrack,minecraft:netherrack,N/A,True,nether_wastes,minecraft:nether_wastes,N/A,the_nether,minecraft:the_nether,N/A,N/A,1.17.1
390,netherrack_390.png,netherrack,minecraft:netherrack,N/A,True,nether_wastes,minecraft:nether_wastes,N/A,the_nether,minecraft:the_nether,N/A,N/A,1.17.1
391,netherrack_391.png,netherrack,minecraft:netherrack,N/A,True,nether_wastes,minecraft:nether_wastes,N/A,the_nether,minecraft:the_nether,N/A,N/A,1.17.1
392,netherrack_392.png,netherrack,minecraft:netherrack,N/A,True,nether_wastes,minecraft:nether_wastes,N/A,the_nether,minecraft:the_nether,N/A,N/A,1.17.1
393,netherrack_393.png,netherrack,minecraft:netherrack,N/A,True,nether_wastes,minecraft:nether_wastes,N/A,the_nether,minecraft:the_nether,N/A,N/A,1.17.1
394,netherrack_394.png,netherrack,minecraft:netherrack,N/A,True,nether_wastes,minecraft:nether_wastes,N/A,the_nether,minecraft:the_nether,N/A,N/A,1.17.1
395,netherrack_395.png,netherrack,minecraft:netherrack,N/A,True,nether_wastes,minecraft:nether_wastes,N/A,the_nether,minecraft:the_nether,N/A,N/A,1.17.1
396,netherrack_396.png,netherrack,minecraft:netherrack,N/A,True,nether_wastes,minecraft:nether_wastes,N/A,the_nether,minecraft:the_nether,N/A,N/A,1.17.1
397,netherrack_397.png,netherrack,minecraft:netherrack,N/A,True,nether_wastes,minecraft:nether_wastes,N/A,the_nether,minecraft:the_nether,N/A,N/A,1.17.1
398,netherrack_398.png,netherrack,minecraft:netherrack,N/A,True,nether_wastes,minecraft:nether_wastes,N/A,the_nether,minecraft:the_nether,N/A,N/A,1.17.1
399,netherrack_399.png,netherrack,minecraft:netherrack,N/A,True,nether_wastes,minecraft:nether_wastes,N/A,the_nether,minecraft:the_nether,N/A,N/A,1.17.1
400,netherrack_400.png,netherrack,minecraft:netherrack,N/A,True,nether_wastes,minecraft:nether_wastes,N/A,the_nether,minecraft:the_nether,N/A,N/A,1.17.1
401,netherrack_401.png,netherrack,minecraft:netherrack,N/A,True,nether_wastes,minecraft:nether_wastes,N/A,the_nether,minecraft:the_nether,N/A,N/A,1.17.1
402,netherrack_402.png,netherrack,minecraft:netherrack,N/A,True,nether_wastes,minecraft:nether_wastes,N/A,the_nether,minecraft:the_nether,N/A,N/A,1.17.1
403,netherrack_403.png,netherrack,minecraft:netherrack,N/A,True,nether_wastes,minecraft:nether_wastes,N/A,the_nether,minecraft:the_nether,N/A,N/A,1.17.1
404,netherrack_404.png,netherrack,minecraft:netherrack,N/A,True,nether_wastes,minecraft:nether_wastes,N/A,the_nether,minecraft:the_nether,N/A,N/A,1.17.1
405,netherrack_405.png,netherrack,minecraft:netherrack,N/A,True,nether_wastes,minecraft:nether_wastes,N/A,the_nether,minecraft:the_nether,N/A,N/A,1.17.1
406,netherrack_406.png,netherrack,minecraft:netherrack,N/A,True,nether_wastes,minecraft:nether_wastes,N/A,the_nether,minecraft:the_nether,N/A,N/A,1.17.1
407,netherrack_407.png,netherrack,minecraft:netherrack,N/A,True,nether_wastes,minecraft:nether_wastes,N/A,the_nether,minecraft:the_nether,N/A,N/A,1.17.1
408,netherrack_408.png,netherrack,minecraft:netherrack,N/A,True,nether_wastes,minecraft:nether_wastes,N/A,the_nether,minecraft:the_nether,N/A,N/A,1.17.1
409,netherrack_409.png,netherrack,minecraft:netherrack,N/A,True,nether_wastes,minecraft:nether_wastes,N/A,the_nether,minecraft:the_nether,N/A,N/A,1.17.1
410,netherrack_410.png,netherrack,minecraft:netherrack,N/A,True,nether_wastes,minecraft:nether_wastes,N/A,the_nether,minecraft:the_nether,N/A,N/A,1.17.1
411,netherrack_411.png,netherrack,minecraft:netherrack,N/A,True,nether_wastes,minecraft:nether_wastes,N/A,the_nether,minecraft:the_nether,N/A,N/A,1.17.1
412,netherrack_412.png,netherrack,minecraft:netherrack,N/A,True,nether_wastes,minecraft:nether_wastes,N/A,the_nether,minecraft:the_nether,N/A,N/A,1.17.1
413,netherrack_413.png,netherrack,minecraft:netherrack,N/A,True,nether_wastes,minecraft:nether_wastes,N/A,the_nether,minecraft:the_nether,N/A,N/A,1.17.1
414,netherrack_414.png,netherrack,minecraft:netherrack,N/A,True,nether_wastes,minecraft:nether_wastes,N/A,the_nether,minecraft:the_nether,N/A,N/A,1.17.1
415,netherrack_415.png,netherrack,minecraft:netherrack,N/A,True,nether_wastes,minecraft:nether_wastes,N/A,the_nether,minecraft:the_nether,N/A,N/A,1.17.1
416,netherrack_416.png,netherrack,minecraft:netherrack,N/A,True,nether_wastes,minecraft:nether_wastes,N/A,the_nether,minecraft:the_nether,N/A,N/A,1.17.1
417,netherrack_417.png,netherrack,minecraft:netherrack,N/A,True,nether_wastes,minecraft:nether_wastes,N/A,the_nether,minecraft:the_nether,N/A,N/A,1.17.1
418,netherrack_418.png,netherrack,minecraft:netherrack,N/A,True,nether_wastes,minecraft:nether_wastes,N/A,the_nether,minecraft:the_nether,N/A,N/A,1.17.1
419,netherrack_419.png,netherrack,minecraft:netherrack,N/A,True,nether_wastes,minecraft:nether_wastes,N/A,the_nether,minecraft:the_nether,N/A,N/A,1.17.1
420,netherrack_420.png,netherrack,minecraft:netherrack,N/A,True,nether_wastes,minecraft:nether_wastes,N/A,the_nether,minecraft:the_nether,N/A,N/A,1.17.1
421,netherrack_421.png,netherrack,minecraft:netherrack,N/A,True,nether_wastes,minecraft:nether_wastes,N/A,the_nether,minecraft:the_nether,N/A,N/A,1.17.1
422,netherrack_422.png,netherrack,minecraft:netherrack,N/A,True,nether_wastes,minecraft:nether_wastes,N/A,the_nether,minecraft:the_nether,N/A,N/A,1.17.1
423,netherrack_423.png,netherrack,minecraft:netherrack,N/A,True,nether_wastes,minecraft:nether_wastes,N/A,the_nether,minecraft:the_nether,N/A,N/A,1.17.1
424,netherrack_424.png,netherrack,minecraft:netherrack,N/A,True,nether_wastes,minecraft:nether_wastes,N/A,the_nether,minecraft:the_nether,N/A,N/A,1.17.1
425,netherrack_425.png,netherrack,minecraft:netherrack,N/A,True,nether_wastes,minecraft:nether_wastes,N/A,the_nether,minecraft:the_nether,N/A,N/A,1.17.1
426,netherrack_426.png,netherrack,minecraft:netherrack,N/A,True,nether_wastes,minecraft:nether_wastes,N/A,the_nether,minecraft:the_nether,N/A,N/A,1.17.1
427,netherrack_427.png,netherrack,minecraft:netherrack,N/A,True,crimson_forest,minecraft:crimson_forest,N/A,the_nether,minecraft:the_nether,N/A,N/A,1.17.1
428,netherrack_428.png,netherrack,minecraft:netherrack,N/A,True,crimson_forest,minecraft:crimson_forest,N/A,the_nether,minecraft:the_nether,N/A,N/A,1.17.1
429,netherrack_429.png,netherrack,minecraft:netherrack,N/A,True,crimson_forest,minecraft:crimson_forest,N/A,the_nether,minecraft:the_nether,N/A,N/A,1.17.1
430,netherrack_430.png,netherrack,minecraft:netherrack,N/A,True,crimson_forest,minecraft:crimson_forest,N/A,the_nether,minecraft:the_nether,N/A,N/A,1.17.1
431,netherrack_431.png,netherrack,minecraft:netherrack,N/A,True,crimson_forest,minecraft:crimson_forest,N/A,the_nether,minecraft:the_nether,N/A,N/A,1.17.1
432,netherrack_432.png,netherrack,minecraft:netherrack,N/A,True,basalt_deltas,minecraft:basalt_deltas,N/A,the_nether,minecraft:the_nether,N/A,N/A,1.17.1
433,netherrack_433.png,netherrack,minecraft:netherrack,N/A,True,basalt_deltas,minecraft:basalt_deltas,N/A,the_nether,minecraft:the_nether,N/A,N/A,1.17.1
434,netherrack_434.png,netherrack,minecraft:netherrack,N/A,True,basalt_deltas,minecraft:basalt_deltas,N/A,the_nether,minecraft:the_nether,N/A,N/A,1.17.1
435,netherrack_435.png,netherrack,minecraft:netherrack,N/A,True,basalt_deltas,minecraft:basalt_deltas,N/A,the_nether,minecraft:the_nether,N/A,N/A,1.17.1
436,netherrack_436.png,netherrack,minecraft:netherrack,N/A,True,basalt_deltas,minecraft:basalt_deltas,N/A,the_nether,minecraft:the_nether,N/A,N/A,1.17.1
437,netherrack_437.png,netherrack,minecraft:netherrack,N/A,True,basalt_deltas,minecraft:basalt_deltas,N/A,the_nether,minecraft:the_nether,N/A,N/A,1.17.1
438,netherrack_438.png,netherrack,minecraft:netherrack,N/A,True,basalt_deltas,minecraft:basalt_deltas,N/A,the_nether,minecraft:the_nether,N/A,N/A,1.17.1
439,netherrack_439.png,netherrack,minecraft:netherrack,N/A,True,basalt_deltas,minecraft:basalt_deltas,N/A,the_nether,minecraft:the_nether,N/A,N/A,1.17.1
440,netherrack_440.png,netherrack,minecraft:netherrack,N/A,True,basalt_deltas,minecraft:basalt_deltas,N/A,the_nether,minecraft:the_nether,N/A,N/A,1.17.1
441,netherrack_441.png,netherrack,minecraft:netherrack,N/A,True,basalt_deltas,minecraft:basalt_deltas,N/A,the_nether,minecraft:the_nether,N/A,N/A,1.17.1
442,netherrack_442.png,netherrack,minecraft:netherrack,N/A,True,basalt_deltas,minecraft:basalt_deltas,N/A,the_nether,minecraft:the_nether,N/A,N/A,1.17.1
443,netherrack_443.png,netherrack,minecraft:netherrack,N/A,True,basalt_deltas,minecraft:basalt_deltas,N/A,the_nether,minecraft:the_nether,N/A,N/A,1.17.1
444,netherrack_444.png,netherrack,minecraft:netherrack,N/A,True,nether_wastes,minecraft:nether_wastes,N/A,the_nether,minecraft:the_nether,N/A,N/A,1.17.1
445,netherrack_445.png,netherrack,minecraft:netherrack,N/A,True,nether_wastes,minecraft:nether_wastes,N/A,the_nether,minecraft:the_nether,N/A,N/A,1.17.1
446,netherrack_446.png,netherrack,minecraft:netherrack,N/A,True,nether_wastes,minecraft:nether_wastes,N/A,the_nether,minecraft:the_nether,N/A,N/A,1.17.1
447,netherrack_447.png,netherrack,minecraft:netherrack,N/A,True,nether_wastes,minecraft:nether_wastes,N/A,the_nether,minecraft:the_nether,N/A,N/A,1.17.1
448,netherrack_448.png,netherrack,minecraft:netherrack,N/A,True,nether_wastes,minecraft:nether_wastes,N/A,the_nether,minecraft:the_nether,N/A,N/A,1.17.1
449,netherrack_449.png,netherrack,minecraft:netherrack,N/A,True,nether_wastes,minecraft:nether_wastes,N/A,the_nether,minecraft:the_nether,N/A,N/A,1.17.1
450,netherrack_450.png,netherrack,minecraft:netherrack,N/A,True,nether_wastes,minecraft:nether_wastes,N/A,the_nether,minecraft:the_nether,N/A,N/A,1.17.1
451,netherrack_451.png,netherrack,minecraft:netherrack,N/A,True,nether_wastes,minecraft:nether_wastes,N/A,the_nether,minecraft:the_nether,N/A,N/A,1.17.1
452,netherrack_452.png,netherrack,minecraft:netherrack,N/A,True,nether_wastes,minecraft:nether_wastes,N/A,the_nether,minecraft:the_nether,N/A,N/A,1.17.1
453,netherrack_453.png,netherrack,minecraft:netherrack,N/A,True,nether_wastes,minecraft:nether_wastes,N/A,the_nether,minecraft:the_nether,N/A,N/A,1.17.1
454,netherrack_454.png,netherrack,minecraft:netherrack,N/A,True,nether_wastes,minecraft:nether_wastes,N/A,the_nether,minecraft:the_nether,N/A,N/A,1.17.1
455,netherrack_455.png,netherrack,minecraft:netherrack,N/A,True,nether_wastes,minecraft:nether_wastes,N/A,the_nether,minecraft:the_nether,N/A,N/A,1.17.1
456,netherrack_456.png,netherrack,minecraft:netherrack,N/A,True,nether_wastes,minecraft:nether_wastes,N/A,the_nether,minecraft:the_nether,N/A,N/A,1.17.1
457,netherrack_457.png,netherrack,minecraft:netherrack,N/A,True,nether_wastes,minecraft:nether_wastes,N/A,the_nether,minecraft:the_nether,N/A,N/A,1.17.1
458,netherrack_458.png,netherrack,minecraft:netherrack,N/A,True,nether_wastes,minecraft:nether_wastes,N/A,the_nether,minecraft:the_nether,N/A,N/A,1.17.1
459,netherrack_459.png,netherrack,minecraft:netherrack,N/A,True,nether_wastes,minecraft:nether_wastes,N/A,the_nether,minecraft:the_nether,N/A,N/A,1.17.1
460,netherrack_460.png,netherrack,minecraft:netherrack,N/A,True,nether_wastes,minecraft:nether_wastes,N/A,the_nether,minecraft:the_nether,N/A,N/A,1.17.1
461,netherrack_461.png,netherrack,minecraft:netherrack,N/A,True,nether_wastes,minecraft:nether_wastes,N/A,the_nether,minecraft:the_nether,N/A,N/A,1.17.1
462,netherrack_462.png,netherrack,minecraft:netherrack,N/A,True,nether_wastes,minecraft:nether_wastes,N/A,the_nether,minecraft:the_nether,N/A,N/A,1.17.1
463,netherrack_463.png,netherrack,minecraft:netherrack,N/A,True,nether_wastes,minecraft:nether_wastes,N/A,the_nether,minecraft:the_nether,N/A,N/A,1.17.1
464,netherrack_464.png,netherrack,minecraft:netherrack,N/A,True,nether_wastes,minecraft:nether_wastes,N/A,the_nether,minecraft:the_nether,N/A,N/A,1.17.1
465,netherrack_465.png,netherrack,minecraft:netherrack,N/A,True,nether_wastes,minecraft:nether_wastes,N/A,the_nether,minecraft:the_nether,N/A,N/A,1.17.1
466,netherrack_466.png,netherrack,minecraft:netherrack,N/A,True,nether_wastes,minecraft:nether_wastes,N/A,the_nether,minecraft:the_nether,N/A,N/A,1.17.1
467,netherrack_467.png,netherrack,minecraft:netherrack,N/A,True,nether_wastes,minecraft:nether_wastes,N/A,the_nether,minecraft:the_nether,N/A,N/A,1.17.1
468,netherrack_468.png,netherrack,minecraft:netherrack,N/A,True,nether_wastes,minecraft:nether_wastes,N/A,the_nether,minecraft:the_nether,N/A,N/A,1.17.1
469,netherrack_469.png,netherrack,minecraft:netherrack,N/A,True,nether_wastes,minecraft:nether_wastes,N/A,the_nether,minecraft:the_nether,N/A,N/A,1.17.1
470,netherrack_470.png,netherrack,minecraft:netherrack,N/A,True,nether_wastes,minecraft:nether_wastes,N/A,the_nether,minecraft:the_nether,N/A,N/A,1.17.1
471,netherrack_471.png,netherrack,minecraft:netherrack,N/A,True,nether_wastes,minecraft:nether_wastes,N/A,the_nether,minecraft:the_nether,N/A,N/A,1.17.1
472,netherrack_472.png,netherrack,minecraft:netherrack,N/A,True,nether_wastes,minecraft:nether_wastes,N/A,the_nether,minecraft:the_nether,N/A,N/A,1.17.1
473,netherrack_473.png,netherrack,minecraft:netherrack,N/A,True,nether_wastes,minecraft:nether_wastes,N/A,the_nether,minecraft:the_nether,N/A,N/A,1.17.1
474,netherrack_474.png,netherrack,minecraft:netherrack,N/A,True,nether_wastes,minecraft:nether_wastes,N/A,the_nether,minecraft:the_nether,N/A,N/A,1.17.1
475,netherrack_475.png,netherrack,minecraft:netherrack,N/A,True,nether_wastes,minecraft:nether_wastes,N/A,the_nether,minecraft:the_nether,N/A,N/A,1.17.1
476,netherrack_476.png,netherrack,minecraft:netherrack,N/A,True,nether_wastes,minecraft:nether_wastes,N/A,the_nether,minecraft:the_nether,N/A,N/A,1.17.1
477,netherrack_477.png,netherrack,minecraft:netherrack,N/A,True,nether_wastes,minecraft:nether_wastes,N/A,the_nether,minecraft:the_nether,N/A,N/A,1.17.1
478,netherrack_478.png,netherrack,minecraft:netherrack,N/A,True,nether_wastes,minecraft:nether_wastes,N/A,the_nether,minecraft:the_nether,N/A,N/A,1.17.1
479,netherrack_479.png,netherrack,minecraft:netherrack,N/A,True,soul_sand_valley,minecraft:soul_sand_valley,N/A,the_nether,minecraft:the_nether,N/A,N/A,1.17.1
480,netherrack_480.png,netherrack,minecraft:netherrack,N/A,True,soul_sand_valley,minecraft:soul_sand_valley,N/A,the_nether,minecraft:the_nether,N/A,N/A,1.17.1
481,netherrack_481.png,netherrack,minecraft:netherrack,N/A,True,soul_sand_valley,minecraft:soul_sand_valley,N/A,the_nether,minecraft:the_nether,N/A,N/A,1.17.1
482,netherrack_482.png,netherrack,minecraft:netherrack,N/A,True,nether_wastes,minecraft:nether_wastes,N/A,the_nether,minecraft:the_nether,N/A,N/A,1.17.1
483,netherrack_483.png,netherrack,minecraft:netherrack,N/A,True,nether_wastes,minecraft:nether_wastes,N/A,the_nether,minecraft:the_nether,N/A,N/A,1.17.1
484,netherrack_484.png,netherrack,minecraft:netherrack,N/A,True,nether_wastes,minecraft:nether_wastes,N/A,the_nether,minecraft:the_nether,N/A,N/A,1.17.1
485,netherrack_485.png,netherrack,minecraft:netherrack,N/A,True,nether_wastes,minecraft:nether_wastes,N/A,the_nether,minecraft:the_nether,N/A,N/A,1.17.1
486,netherrack_486.png,netherrack,minecraft:netherrack,N/A,True,nether_wastes,minecraft:nether_wastes,N/A,the_nether,minecraft:the_nether,N/A,N/A,1.17.1
487,netherrack_487.png,netherrack,minecraft:netherrack,N/A,True,nether_wastes,minecraft:nether_wastes,N/A,the_nether,minecraft:the_nether,N/A,N/A,1.17.1
488,netherrack_488.png,netherrack,minecraft:netherrack,N/A,True,nether_wastes,minecraft:nether_wastes,N/A,the_nether,minecraft:the_nether,N/A,N/A,1.17.1
489,netherrack_489.png,netherrack,minecraft:netherrack,N/A,True,nether_wastes,minecraft:nether_wastes,N/A,the_nether,minecraft:the_nether,N/A,N/A,1.17.1
490,netherrack_490.png,netherrack,minecraft:netherrack,N/A,True,nether_wastes,minecraft:nether_wastes,N/A,the_nether,minecraft:the_nether,N/A,N/A,1.17.1
491,netherrack_491.png,netherrack,minecraft:netherrack,N/A,True,nether_wastes,minecraft:nether_wastes,N/A,the_nether,minecraft:the_nether,N/A,N/A,1.17.1
492,netherrack_492.png,netherrack,minecraft:netherrack,N/A,True,nether_wastes,minecraft:nether_wastes,N/A,the_nether,minecraft:the_nether,N/A,N/A,1.17.1
493,netherrack_493.png,netherrack,minecraft:netherrack,N/A,True,nether_wastes,minecraft:nether_wastes,N/A,the_nether,minecraft:the_nether,N/A,N/A,1.17.1
494,netherrack_494.png,netherrack,minecraft:netherrack,N/A,True,nether_wastes,minecraft:nether_wastes,N/A,the_nether,minecraft:the_nether,N/A,N/A,1.17.1
495,netherrack_495.png,netherrack,minecraft:netherrack,N/A,True,nether_wastes,minecraft:nether_wastes,N/A,the_nether,minecraft:the_nether,N/A,N/A,1.17.1
496,netherrack_496.png,netherrack,minecraft:netherrack,N/A,True,nether_wastes,minecraft:nether_wastes,N/A,the_nether,minecraft:the_nether,N/A,N/A,1.17.1
497,netherrack_497.png,netherrack,minecraft:netherrack,N/A,True,nether_wastes,minecraft:nether_wastes,N/A,the_nether,minecraft:the_nether,N/A,N/A,1.17.1
498,netherrack_498.png,netherrack,minecraft:netherrack,N/A,True,nether_wastes,minecraft:nether_wastes,N/A,the_nether,minecraft:the_nether,N/A,N/A,1.17.1
499,netherrack_499.png,netherrack,minecraft:netherrack,N/A,True,nether_wastes,minecraft:nether_wastes,N/A,the_nether,minecraft:the_nether,N/A,N/A,1.17.1
500,netherrack_500.png,netherrack,minecraft:netherrack,N/A,True,nether_wastes,minecraft:nether_wastes,N/A,the_nether,minecraft:the_nether,N/A,N/A,1.17.1
501,netherrack_501.png,netherrack,minecraft:netherrack,N/A,True,nether_wastes,minecraft:nether_wastes,N/A,the_nether,minecraft:the_nether,N/A,N/A,1.17.1
502,netherrack_502.png,netherrack,minecraft:netherrack,N/A,True,nether_wastes,minecraft:nether_wastes,N/A,the_nether,minecraft:the_nether,N/A,N/A,1.17.1
503,netherrack_503.png,netherrack,minecraft:netherrack,N/A,True,nether_wastes,minecraft:nether_wastes,N/A,the_nether,minecraft:the_nether,N/A,N/A,1.17.1
504,netherrack_504.png,netherrack,minecraft:netherrack,N/A,True,nether_wastes,minecraft:nether_wastes,N/A,the_nether,minecraft:the_nether,N/A,N/A,1.17.1
505,netherrack_505.png,netherrack,minecraft:netherrack,N/A,True,nether_wastes,minecraft:nether_wastes,N/A,the_nether,minecraft:the_nether,N/A,N/A,1.17.1
506,netherrack_506.png,netherrack,minecraft:netherrack,N/A,True,nether_wastes,minecraft:nether_wastes,N/A,the_nether,minecraft:the_nether,N/A,N/A,1.17.1
507,netherrack_507.png,netherrack,minecraft:netherrack,N/A,True,nether_wastes,minecraft:nether_wastes,N/A,the_nether,minecraft:the_nether,N/A,N/A,1.17.1
508,netherrack_508.png,netherrack,minecraft:netherrack,N/A,True,nether_wastes,minecraft:nether_wastes,N/A,the_nether,minecraft:the_nether,N/A,N/A,1.17.1
509,netherrack_509.png,netherrack,minecraft:netherrack,N/A,True,nether_wastes,minecraft:nether_wastes,N/A,the_nether,minecraft:the_nether,N/A,N/A,1.17.1
510,netherrack_510.png,netherrack,minecraft:netherrack,N/A,True,nether_wastes,minecraft:nether_wastes,N/A,the_nether,minecraft:the_nether,N/A,N/A,1.17.1
511,netherrack_511.png,netherrack,minecraft:netherrack,N/A,True,nether_wastes,minecraft:nether_wastes,N/A,the_nether,minecraft:the_nether,N/A,N/A,1.17.1
512,netherrack_512.png,netherrack,minecraft:netherrack,N/A,True,nether_wastes,minecraft:nether_wastes,N/A,the_nether,minecraft:the_nether,N/A,N/A,1.17.1
513,netherrack_513.png,netherrack,minecraft:netherrack,N/A,True,nether_wastes,minecraft:nether_wastes,N/A,the_nether,minecraft:the_nether,N/A,N/A,1.17.1
514,netherrack_514.png,netherrack,minecraft:netherrack,N/A,True,nether_wastes,minecraft:nether_wastes,N/A,the_nether,minecraft:the_nether,N/A,N/A,1.17.1
515,netherrack_515.png,netherrack,minecraft:netherrack,N/A,True,nether_wastes,minecraft:nether_wastes,N/A,the_nether,minecraft:the_nether,N/A,N/A,1.17.1
516,netherrack_516.png,netherrack,minecraft:netherrack,N/A,True,nether_wastes,minecraft:nether_wastes,N/A,the_nether,minecraft:the_nether,N/A,N/A,1.17.1
517,netherrack_517.png,netherrack,minecraft:netherrack,N/A,True,nether_wastes,minecraft:nether_wastes,N/A,the_nether,minecraft:the_nether,N/A,N/A,1.17.1
518,netherrack_518.png,netherrack,minecraft:netherrack,N/A,True,nether_wastes,minecraft:nether_wastes,N/A,the_nether,minecraft:the_nether,N/A,N/A,1.17.1
519,netherrack_519.png,netherrack,minecraft:netherrack,N/A,True,nether_wastes,minecraft:nether_wastes,N/A,the_nether,minecraft:the_nether,N/A,N/A,1.17.1
520,netherrack_520.png,netherrack,minecraft:netherrack,N/A,True,nether_wastes,minecraft:nether_wastes,N/A,the_nether,minecraft:the_nether,N/A,N/A,1.17.1
521,netherrack_521.png,netherrack,minecraft:netherrack,N/A,True,nether_wastes,minecraft:nether_wastes,N/A,the_nether,minecraft:the_nether,N/A,N/A,1.17.1
522,netherrack_522.png,netherrack,minecraft:netherrack,N/A,True,nether_wastes,minecraft:nether_wastes,N/A,the_nether,minecraft:the_nether,N/A,N/A,1.17.1
523,netherrack_523.png,netherrack,minecraft:netherrack,N/A,True,nether_wastes,minecraft:nether_wastes,N/A,the_nether,minecraft:the_nether,N/A,N/A,1.17.1
524,netherrack_524.png,netherrack,minecraft:netherrack,N/A,True,nether_wastes,minecraft:nether_wastes,N/A,the_nether,minecraft:the_nether,N/A,N/A,1.17.1
525,netherrack_525.png,netherrack,minecraft:netherrack,N/A,True,nether_wastes,minecraft:nether_wastes,N/A,the_nether,minecraft:the_nether,N/A,N/A,1.17.1
526,netherrack_526.png,netherrack,minecraft:netherrack,N/A,True,nether_wastes,minecraft:nether_wastes,N/A,the_nether,minecraft:the_nether,N/A,N/A,1.17.1
527,netherrack_527.png,netherrack,minecraft:netherrack,N/A,True,nether_wastes,minecraft:nether_wastes,N/A,the_nether,minecraft:the_nether,N/A,N/A,1.17.1
528,netherrack_528.png,netherrack,minecraft:netherrack,N/A,True,nether_wastes,minecraft:nether_wastes,N/A,the_nether,minecraft:the_nether,N/A,N/A,1.17.1
529,netherrack_529.png,netherrack,minecraft:netherrack,N/A,True,nether_wastes,minecraft:nether_wastes,N/A,the_nether,minecraft:the_nether,N/A,N/A,1.17.1
530,netherrack_530.png,netherrack,minecraft:netherrack,N/A,True,nether_wastes,minecraft:nether_wastes,N/A,the_nether,minecraft:the_nether,N/A,N/A,1.17.1
531,netherrack_531.png,netherrack,minecraft:netherrack,N/A,True,nether_wastes,minecraft:nether_wastes,N/A,the_nether,minecraft:the_nether,N/A,N/A,1.17.1
532,netherrack_532.png,netherrack,minecraft:netherrack,N/A,True,nether_wastes,minecraft:nether_wastes,N/A,the_nether,minecraft:the_nether,N/A,N/A,1.17.1
533,netherrack_533.png,netherrack,minecraft:netherrack,N/A,True,nether_wastes,minecraft:nether_wastes,N/A,the_nether,minecraft:the_nether,N/A,N/A,1.17.1
534,netherrack_534.png,netherrack,minecraft:netherrack,N/A,True,nether_wastes,minecraft:nether_wastes,N/A,the_nether,minecraft:the_nether,N/A,N/A,1.17.1
535,netherrack_535.png,netherrack,minecraft:netherrack,N/A,True,nether_wastes,minecraft:nether_wastes,N/A,the_nether,minecraft:the_nether,N/A,N/A,1.17.1
536,netherrack_536.png,netherrack,minecraft:netherrack,N/A,True,nether_wastes,minecraft:nether_wastes,N/A,the_nether,minecraft:the_nether,N/A,N/A,1.17.1
537,netherrack_537.png,netherrack,minecraft:netherrack,N/A,True,nether_wastes,minecraft:nether_wastes,N/A,the_nether,minecraft:the_nether,N/A,N/A,1.17.1
538,netherrack_538.png,netherrack,minecraft:netherrack,N/A,True,nether_wastes,minecraft:nether_wastes,N/A,the_nether,minecraft:the_nether,N/A,N/A,1.17.1
539,netherrack_539.png,netherrack,minecraft:netherrack,N/A,True,nether_wastes,minecraft:nether_wastes,N/A,the_nether,minecraft:the_nether,N/A,N/A,1.17.1
540,netherrack_540.png,netherrack,minecraft:netherrack,N/A,True,nether_wastes,minecraft:nether_wastes,N/A,the_nether,minecraft:the_nether,N/A,N/A,1.17.1
541,netherrack_541.png,netherrack,minecraft:netherrack,N/A,True,nether_wastes,minecraft:nether_wastes,N/A,the_nether,minecraft:the_nether,N/A,N/A,1.17.1
542,netherrack_542.png,netherrack,minecraft:netherrack,N/A,True,nether_wastes,minecraft:nether_wastes,N/A,the_nether,minecraft:the_nether,N/A,N/A,1.17.1
543,netherrack_543.png,netherrack,minecraft:netherrack,N/A,True,nether_wastes,minecraft:nether_wastes,N/A,the_nether,minecraft:the_nether,N/A,N/A,1.17.1
544,netherrack_544.png,netherrack,minecraft:netherrack,N/A,True,nether_wastes,minecraft:nether_wastes,N/A,the_nether,minecraft:the_nether,N/A,N/A,1.17.1
545,netherrack_545.png,netherrack,minecraft:netherrack,N/A,True,nether_wastes,minecraft:nether_wastes,N/A,the_nether,minecraft:the_nether,N/A,N/A,1.17.1
546,netherrack_546.png,netherrack,minecraft:netherrack,N/A,True,nether_wastes,minecraft:nether_wastes,N/A,the_nether,minecraft:the_nether,N/A,N/A,1.17.1
547,netherrack_547.png,netherrack,minecraft:netherrack,N/A,True,nether_wastes,minecraft:nether_wastes,N/A,the_nether,minecraft:the_nether,N/A,N/A,1.17.1
548,netherrack_548.png,netherrack,minecraft:netherrack,N/A,True,nether_wastes,minecraft:nether_wastes,N/A,the_nether,minecraft:the_nether,N/A,N/A,1.17.1
549,netherrack_549.png,netherrack,minecraft:netherrack,N/A,True,nether_wastes,minecraft:nether_wastes,N/A,the_nether,minecraft:the_nether,N/A,N/A,1.17.1
550,netherrack_550.png,netherrack,minecraft:netherrack,N/A,True,nether_wastes,minecraft:nether_wastes,N/A,the_nether,minecraft:the_nether,N/A,N/A,1.17.1
551,netherrack_551.png,netherrack,minecraft:netherrack,N/A,True,nether_wastes,minecraft:nether_wastes,N/A,the_nether,minecraft:the_nether,N/A,N/A,1.17.1
552,netherrack_552.png,netherrack,minecraft:netherrack,N/A,True,nether_wastes,minecraft:nether_wastes,N/A,the_nether,minecraft:the_nether,N/A,N/A,1.17.1
553,netherrack_553.png,netherrack,minecraft:netherrack,N/A,True,nether_wastes,minecraft:nether_wastes,N/A,the_nether,minecraft:the_nether,N/A,N/A,1.17.1
554,netherrack_554.png,netherrack,minecraft:netherrack,N/A,True,nether_wastes,minecraft:nether_wastes,N/A,the_nether,minecraft:the_nether,N/A,N/A,1.17.1
555,netherrack_555.png,netherrack,minecraft:netherrack,N/A,True,nether_wastes,minecraft:nether_wastes,N/A,the_nether,minecraft:the_nether,N/A,N/A,1.17.1
556,netherrack_556.png,netherrack,minecraft:netherrack,N/A,True,nether_wastes,minecraft:nether_wastes,N/A,the_nether,minecraft:the_nether,N/A,N/A,1.17.1
557,netherrack_557.png,netherrack,minecraft:netherrack,N/A,True,nether_wastes,minecraft:nether_wastes,N/A,the_nether,minecraft:the_nether,N/A,N/A,1.17.1
558,netherrack_558.png,netherrack,minecraft:netherrack,N/A,True,nether_wastes,minecraft:nether_wastes,N/A,the_nether,minecraft:the_nether,N/A,N/A,1.17.1
559,netherrack_559.png,netherrack,minecraft:netherrack,N/A,True,nether_wastes,minecraft:nether_wastes,N/A,the_nether,minecraft:the_nether,N/A,N/A,1.17.1
560,netherrack_560.png,netherrack,minecraft:netherrack,N/A,True,nether_wastes,minecraft:nether_wastes,N/A,the_nether,minecraft:the_nether,N/A,N/A,1.17.1
561,netherrack_561.png,netherrack,minecraft:netherrack,N/A,True,nether_wastes,minecraft:nether_wastes,N/A,the_nether,minecraft:the_nether,N/A,N/A,1.17.1
562,netherrack_562.png,netherrack,minecraft:netherrack,N/A,True,nether_wastes,minecraft:nether_wastes,N/A,the_nether,minecraft:the_nether,N/A,N/A,1.17.1
563,netherrack_563.png,netherrack,minecraft:netherrack,N/A,True,nether_wastes,minecraft:nether_wastes,N/A,the_nether,minecraft:the_nether,N/A,N/A,1.17.1
564,netherrack_564.png,netherrack,minecraft:netherrack,N/A,True,nether_wastes,minecraft:nether_wastes,N/A,the_nether,minecraft:the_nether,N/A,N/A,1.17.1
565,netherrack_565.png,netherrack,minecraft:netherrack,N/A,True,nether_wastes,minecraft:nether_wastes,N/A,the_nether,minecraft:the_nether,N/A,N/A,1.17.1
566,netherrack_566.png,netherrack,minecraft:netherrack,N/A,True,nether_wastes,minecraft:nether_wastes,N/A,the_nether,minecraft:the_nether,N/A,N/A,1.17.1
567,netherrack_567.png,netherrack,minecraft:netherrack,N/A,True,nether_wastes,minecraft:nether_wastes,N/A,the_nether,minecraft:the_nether,N/A,N/A,1.17.1
568,netherrack_568.png,netherrack,minecraft:netherrack,N/A,True,nether_wastes,minecraft:nether_wastes,N/A,the_nether,minecraft:the_nether,N/A,N/A,1.17.1
569,netherrack_569.png,netherrack,minecraft:netherrack,N/A,True,nether_wastes,minecraft:nether_wastes,N/A,the_nether,minecraft:the_nether,N/A,N/A,1.17.1
570,netherrack_570.png,netherrack,minecraft:netherrack,N/A,True,nether_wastes,minecraft:nether_wastes,N/A,the_nether,minecraft:the_nether,N/A,N/A,1.17.1
571,netherrack_571.png,netherrack,minecraft:netherrack,N/A,True,nether_wastes,minecraft:nether_wastes,N/A,the_nether,minecraft:the_nether,N/A,N/A,1.17.1
572,netherrack_572.png,netherrack,minecraft:netherrack,N/A,True,nether_wastes,minecraft:nether_wastes,N/A,the_nether,minecraft:the_nether,N/A,N/A,1.17.1
573,netherrack_573.png,netherrack,minecraft:netherrack,N/A,True,nether_wastes,minecraft:nether_wastes,N/A,the_nether,minecraft:the_nether,N/A,N/A,1.17.1
574,netherrack_574.png,netherrack,minecraft:netherrack,N/A,True,nether_wastes,minecraft:nether_wastes,N/A,the_nether,minecraft:the_nether,N/A,N/A,1.17.1
575,netherrack_575.png,netherrack,minecraft:netherrack,N/A,True,nether_wastes,minecraft:nether_wastes,N/A,the_nether,minecraft:the_nether,N/A,N/A,1.17.1
576,netherrack_576.png,netherrack,minecraft:netherrack,N/A,True,nether_wastes,minecraft:nether_wastes,N/A,the_nether,minecraft:the_nether,N/A,N/A,1.17.1
577,netherrack_577.png,netherrack,minecraft:netherrack,N/A,True,nether_wastes,minecraft:nether_wastes,N/A,the_nether,minecraft:the_nether,N/A,N/A,1.17.1
578,netherrack_578.png,netherrack,minecraft:netherrack,N/A,True,nether_wastes,minecraft:nether_wastes,N/A,the_nether,minecraft:the_nether,N/A,N/A,1.17.1
579,netherrack_579.png,netherrack,minecraft:netherrack,N/A,True,nether_wastes,minecraft:nether_wastes,N/A,the_nether,minecraft:the_nether,N/A,N/A,1.17.1
580,netherrack_580.png,netherrack,minecraft:netherrack,N/A,True,nether_wastes,minecraft:nether_wastes,N/A,the_nether,minecraft:the_nether,N/A,N/A,1.17.1
581,netherrack_581.png,netherrack,minecraft:netherrack,N/A,True,nether_wastes,minecraft:nether_wastes,N/A,the_nether,minecraft:the_nether,N/A,N/A,1.17.1
582,netherrack_582.png,netherrack,minecraft:netherrack,N/A,True,nether_wastes,minecraft:nether_wastes,N/A,the_nether,minecraft:the_nether,N/A,N/A,1.17.1
583,netherrack_583.png,netherrack,minecraft:netherrack,N/A,True,nether_wastes,minecraft:nether_wastes,N/A,the_nether,minecraft:the_nether,N/A,N/A,1.17.1
584,netherrack_584.png,netherrack,minecraft:netherrack,N/A,True,snowy_tundra,minecraft:snowy_tundra,clear,overworld,minecraft:overworld,1000,day,1.17.1
585,netherrack_585.png,netherrack,minecraft:netherrack,N/A,True,snowy_tundra,minecraft:snowy_tundra,clear,overworld,minecraft:overworld,1000,day,1.17.1
586,netherrack_586.png,netherrack,minecraft:netherrack,N/A,True,snowy_tundra,minecraft:snowy_tundra,clear,overworld,minecraft:overworld,1000,day,1.17.1
587,netherrack_587.png,netherrack,minecraft:netherrack,N/A,True,snowy_tundra,minecraft:snowy_tundra,clear,overworld,minecraft:overworld,1000,day,1.17.1
588,netherrack_588.png,netherrack,minecraft:netherrack,N/A,True,snowy_tundra,minecraft:snowy_tundra,clear,overworld,minecraft:overworld,14000,night,1.17.1
589,netherrack_589.png,netherrack,minecraft:netherrack,N/A,True,snowy_tundra,minecraft:snowy_tundra,clear,overworld,minecraft:overworld,14000,night,1.17.1
590,netherrack_590.png,netherrack,minecraft:netherrack,N/A,True,snowy_tundra,minecraft:snowy_tundra,clear,overworld,minecraft:overworld,14000,night,1.17.1
591,netherrack_591.png,netherrack,minecraft:netherrack,N/A,True,snowy_tundra,minecraft:snowy_tundra,clear,overworld,minecraft:overworld,14000,night,1.17.1
592,netherrack_592.png,netherrack,minecraft:netherrack,N/A,True,snowy_tundra,minecraft:snowy_tundra,clear,overworld,minecraft:overworld,14000,night,1.17.1
593,netherrack_593.png,netherrack,minecraft:netherrack,N/A,True,river,minecraft:river,clear,overworld,minecraft:overworld,14000,night,1.17.1
594,netherrack_594.png,netherrack,minecraft:netherrack,N/A,True,river,minecraft:river,clear,overworld,minecraft:overworld,14000,night,1.17.1
595,netherrack_595.png,netherrack,minecraft:netherrack,N/A,True,river,minecraft:river,clear,overworld,minecraft:overworld,14000,night,1.17.1
596,netherrack_596.png,netherrack,minecraft:netherrack,N/A,True,river,minecraft:river,clear,overworld,minecraft:overworld,14000,night,1.17.1
597,netherrack_597.png,netherrack,minecraft:netherrack,N/A,True,river,minecraft:river,clear,overworld,minecraft:overworld,14000,night,1.17.1
598,netherrack_598.png,netherrack,minecraft:netherrack,N/A,True,river,minecraft:river,clear,overworld,minecraft:overworld,14000,night,1.17.1
599,netherrack_599.png,netherrack,minecraft:netherrack,N/A,True,river,minecraft:river,clear,overworld,minecraft:overworld,14000,night,1.17.1
